주소,위도,경도
Address,주소를 변환할 수 없음,주소를 변환할 수 없음
", ",주소를 변환할 수 없음,주소를 변환할 수 없음
", ",주소를 변환할 수 없음,주소를 변환할 수 없음
", ",주소를 변환할 수 없음,주소를 변환할 수 없음
", ",주소를 변환할 수 없음,주소를 변환할 수 없음
", ",주소를 변환할 수 없음,주소를 변환할 수 없음
", ",주소를 변환할 수 없음,주소를 변환할 수 없음
", ",주소를 변환할 수 없음,주소를 변환할 수 없음
", ",주소를 변환할 수 없음,주소를 변환할 수 없음
", ",주소를 변환할 수 없음,주소를 변환할 수 없음
", ",주소를 변환할 수 없음,주소를 변환할 수 없음
", ",주소를 변환할 수 없음,주소를 변환할 수 없음
", ",주소를 변환할 수 없음,주소를 변환할 수 없음
", ",주소를 변환할 수 없음,주소를 변환할 수 없음
", ",주소를 변환할 수 없음,주소를 변환할 수 없음
", ",주소를 변환할 수 없음,주소를 변환할 수 없음
", ",주소를 변환할 수 없음,주소를 변환할 수 없음
", ",주소를 변환할 수 없음,주소를 변환할 수 없음
", ",주소를 변환할 수 없음,주소를 변환할 수 없음
", ",주소를 변환할 수 없음,주소를 변환할 수 없음
", ",주소를 변환할 수 없음,주소를 변환할 수 없음
", ",주소를 변환할 수 없음,주소를 변환할 수 없음
", ",주소를 변환할 수 없음,주소를 변환할 수 없음
", ",주소를 변환할 수 없음,주소를 변환할 수 없음
", ",주소를 변환할 수 없음,주소를 변환할 수 없음
", ",주소를 변환할 수 없음,주소를 변환할 수 없음
", ",주소를 변환할 수 없음,주소를 변환할 수 없음
", ",주소를 변환할 수 없음,주소를 변환할 수 없음
", ",주소를 변환할 수 없음,주소를 변환할 수 없음
", ",주소를 변환할 수 없음,주소를 변환할 수 없음
", ",주소를 변환할 수 없음,주소를 변환할 수 없음
", ",주소를 변환할 수 없음,주소를 변환할 수 없음
", ",주소를 변환할 수 없음,주소를 변환할 수 없음
", ",주소를 변환할 수 없음,주소를 변환할 수 없음
", ",주소를 변환할 수 없음,주소를 변환할 수 없음
", ",주소를 변환할 수 없음,주소를 변환할 수 없음
", ",주소를 변환할 수 없음,주소를 변환할 수 없음
", ",주소를 변환할 수 없음,주소를 변환할 수 없음
", ",주소를 변환할 수 없음,주소를 변환할 수 없음
", ",주소를 변환할 수 없음,주소를 변환할 수 없음
", ",주소를 변환할 수 없음,주소를 변환할 수 없음
", ",주소를 변환할 수 없음,주소를 변환할 수 없음
", ",주소를 변환할 수 없음,주소를 변환할 수 없음
", ",주소를 변환할 수 없음,주소를 변환할 수 없음
", ",주소를 변환할 수 없음,주소를 변환할 수 없음
", ",주소를 변환할 수 없음,주소를 변환할 수 없음
", ",주소를 변환할 수 없음,주소를 변환할 수 없음
", ",주소를 변환할 수 없음,주소를 변환할 수 없음
", ",주소를 변환할 수 없음,주소를 변환할 수 없음
", ",주소를 변환할 수 없음,주소를 변환할 수 없음
", ",주소를 변환할 수 없음,주소를 변환할 수 없음
", ",주소를 변환할 수 없음,주소를 변환할 수 없음
", ",주소를 변환할 수 없음,주소를 변환할 수 없음
", ",주소를 변환할 수 없음,주소를 변환할 수 없음
", ",주소를 변환할 수 없음,주소를 변환할 수 없음
", ",주소를 변환할 수 없음,주소를 변환할 수 없음
", ",주소를 변환할 수 없음,주소를 변환할 수 없음
", ",주소를 변환할 수 없음,주소를 변환할 수 없음
", ",주소를 변환할 수 없음,주소를 변환할 수 없음
", ",주소를 변환할 수 없음,주소를 변환할 수 없음
", ",주소를 변환할 수 없음,주소를 변환할 수 없음
", ",주소를 변환할 수 없음,주소를 변환할 수 없음
", ",주소를 변환할 수 없음,주소를 변환할 수 없음
", ",주소를 변환할 수 없음,주소를 변환할 수 없음
", ",주소를 변환할 수 없음,주소를 변환할 수 없음
", ",주소를 변환할 수 없음,주소를 변환할 수 없음
", ",주소를 변환할 수 없음,주소를 변환할 수 없음
", ",주소를 변환할 수 없음,주소를 변환할 수 없음
", ",주소를 변환할 수 없음,주소를 변환할 수 없음
", ",주소를 변환할 수 없음,주소를 변환할 수 없음
", ",주소를 변환할 수 없음,주소를 변환할 수 없음
", ",주소를 변환할 수 없음,주소를 변환할 수 없음
", ",주소를 변환할 수 없음,주소를 변환할 수 없음
", ",주소를 변환할 수 없음,주소를 변환할 수 없음
", ",주소를 변환할 수 없음,주소를 변환할 수 없음
", ",주소를 변환할 수 없음,주소를 변환할 수 없음
", ",주소를 변환할 수 없음,주소를 변환할 수 없음
", ",주소를 변환할 수 없음,주소를 변환할 수 없음
", ",주소를 변환할 수 없음,주소를 변환할 수 없음
", ",주소를 변환할 수 없음,주소를 변환할 수 없음
", ",주소를 변환할 수 없음,주소를 변환할 수 없음
", ",주소를 변환할 수 없음,주소를 변환할 수 없음
", ",주소를 변환할 수 없음,주소를 변환할 수 없음
", ",주소를 변환할 수 없음,주소를 변환할 수 없음
", ",주소를 변환할 수 없음,주소를 변환할 수 없음
", ",주소를 변환할 수 없음,주소를 변환할 수 없음
", ",주소를 변환할 수 없음,주소를 변환할 수 없음
", ",주소를 변환할 수 없음,주소를 변환할 수 없음
", ",주소를 변환할 수 없음,주소를 변환할 수 없음
", ",주소를 변환할 수 없음,주소를 변환할 수 없음
", ",주소를 변환할 수 없음,주소를 변환할 수 없음
", ",주소를 변환할 수 없음,주소를 변환할 수 없음
", ",주소를 변환할 수 없음,주소를 변환할 수 없음
", ",주소를 변환할 수 없음,주소를 변환할 수 없음
", ",주소를 변환할 수 없음,주소를 변환할 수 없음
", nan, ",주소를 변환할 수 없음,주소를 변환할 수 없음
", ",주소를 변환할 수 없음,주소를 변환할 수 없음
", ",주소를 변환할 수 없음,주소를 변환할 수 없음
", ",주소를 변환할 수 없음,주소를 변환할 수 없음
", ",주소를 변환할 수 없음,주소를 변환할 수 없음
", ",주소를 변환할 수 없음,주소를 변환할 수 없음
", ",주소를 변환할 수 없음,주소를 변환할 수 없음
", ",주소를 변환할 수 없음,주소를 변환할 수 없음
", ",주소를 변환할 수 없음,주소를 변환할 수 없음
", ",주소를 변환할 수 없음,주소를 변환할 수 없음
", ",주소를 변환할 수 없음,주소를 변환할 수 없음
", ",주소를 변환할 수 없음,주소를 변환할 수 없음
", ",주소를 변환할 수 없음,주소를 변환할 수 없음
", ",주소를 변환할 수 없음,주소를 변환할 수 없음
", ",주소를 변환할 수 없음,주소를 변환할 수 없음
", ",주소를 변환할 수 없음,주소를 변환할 수 없음
", ",주소를 변환할 수 없음,주소를 변환할 수 없음
", ",주소를 변환할 수 없음,주소를 변환할 수 없음
", ",주소를 변환할 수 없음,주소를 변환할 수 없음
", ",주소를 변환할 수 없음,주소를 변환할 수 없음
", ",주소를 변환할 수 없음,주소를 변환할 수 없음
", ",주소를 변환할 수 없음,주소를 변환할 수 없음
", ",주소를 변환할 수 없음,주소를 변환할 수 없음
", ",주소를 변환할 수 없음,주소를 변환할 수 없음
", ",주소를 변환할 수 없음,주소를 변환할 수 없음
", ",주소를 변환할 수 없음,주소를 변환할 수 없음
", ",주소를 변환할 수 없음,주소를 변환할 수 없음
", ",주소를 변환할 수 없음,주소를 변환할 수 없음
", ",주소를 변환할 수 없음,주소를 변환할 수 없음
", ",주소를 변환할 수 없음,주소를 변환할 수 없음
", ",주소를 변환할 수 없음,주소를 변환할 수 없음
", ",주소를 변환할 수 없음,주소를 변환할 수 없음
", ",주소를 변환할 수 없음,주소를 변환할 수 없음
", ",주소를 변환할 수 없음,주소를 변환할 수 없음
", ",주소를 변환할 수 없음,주소를 변환할 수 없음
", ",주소를 변환할 수 없음,주소를 변환할 수 없음
", ",주소를 변환할 수 없음,주소를 변환할 수 없음
", ",주소를 변환할 수 없음,주소를 변환할 수 없음
", ",주소를 변환할 수 없음,주소를 변환할 수 없음
", ",주소를 변환할 수 없음,주소를 변환할 수 없음
", ",주소를 변환할 수 없음,주소를 변환할 수 없음
", ",주소를 변환할 수 없음,주소를 변환할 수 없음
", ",주소를 변환할 수 없음,주소를 변환할 수 없음
", ",주소를 변환할 수 없음,주소를 변환할 수 없음
", ",주소를 변환할 수 없음,주소를 변환할 수 없음
", ",주소를 변환할 수 없음,주소를 변환할 수 없음
", ",주소를 변환할 수 없음,주소를 변환할 수 없음
", ",주소를 변환할 수 없음,주소를 변환할 수 없음
", ",주소를 변환할 수 없음,주소를 변환할 수 없음
", ",주소를 변환할 수 없음,주소를 변환할 수 없음
", ",주소를 변환할 수 없음,주소를 변환할 수 없음
", ",주소를 변환할 수 없음,주소를 변환할 수 없음
", ",주소를 변환할 수 없음,주소를 변환할 수 없음
", ",주소를 변환할 수 없음,주소를 변환할 수 없음
", ",주소를 변환할 수 없음,주소를 변환할 수 없음
", ",주소를 변환할 수 없음,주소를 변환할 수 없음
", ",주소를 변환할 수 없음,주소를 변환할 수 없음
", ",주소를 변환할 수 없음,주소를 변환할 수 없음
", ",주소를 변환할 수 없음,주소를 변환할 수 없음
", ",주소를 변환할 수 없음,주소를 변환할 수 없음
", ",주소를 변환할 수 없음,주소를 변환할 수 없음
", ",주소를 변환할 수 없음,주소를 변환할 수 없음
", ",주소를 변환할 수 없음,주소를 변환할 수 없음
", ",주소를 변환할 수 없음,주소를 변환할 수 없음
", ",주소를 변환할 수 없음,주소를 변환할 수 없음
", ",주소를 변환할 수 없음,주소를 변환할 수 없음
", ",주소를 변환할 수 없음,주소를 변환할 수 없음
", ",주소를 변환할 수 없음,주소를 변환할 수 없음
", ",주소를 변환할 수 없음,주소를 변환할 수 없음
", ",주소를 변환할 수 없음,주소를 변환할 수 없음
", ",주소를 변환할 수 없음,주소를 변환할 수 없음
", ",주소를 변환할 수 없음,주소를 변환할 수 없음
", ",주소를 변환할 수 없음,주소를 변환할 수 없음
", ",주소를 변환할 수 없음,주소를 변환할 수 없음
", ",주소를 변환할 수 없음,주소를 변환할 수 없음
", ",주소를 변환할 수 없음,주소를 변환할 수 없음
", ",주소를 변환할 수 없음,주소를 변환할 수 없음
", ",주소를 변환할 수 없음,주소를 변환할 수 없음
", ",주소를 변환할 수 없음,주소를 변환할 수 없음
", ",주소를 변환할 수 없음,주소를 변환할 수 없음
", ",주소를 변환할 수 없음,주소를 변환할 수 없음
", ",주소를 변환할 수 없음,주소를 변환할 수 없음
", ",주소를 변환할 수 없음,주소를 변환할 수 없음
", ",주소를 변환할 수 없음,주소를 변환할 수 없음
", ",주소를 변환할 수 없음,주소를 변환할 수 없음
", ",주소를 변환할 수 없음,주소를 변환할 수 없음
", ",주소를 변환할 수 없음,주소를 변환할 수 없음
", ",주소를 변환할 수 없음,주소를 변환할 수 없음
", ",주소를 변환할 수 없음,주소를 변환할 수 없음
", ",주소를 변환할 수 없음,주소를 변환할 수 없음
", ",주소를 변환할 수 없음,주소를 변환할 수 없음
", ",주소를 변환할 수 없음,주소를 변환할 수 없음
", ",주소를 변환할 수 없음,주소를 변환할 수 없음
", ",주소를 변환할 수 없음,주소를 변환할 수 없음
", ",주소를 변환할 수 없음,주소를 변환할 수 없음
", ",주소를 변환할 수 없음,주소를 변환할 수 없음
", ",주소를 변환할 수 없음,주소를 변환할 수 없음
", ",주소를 변환할 수 없음,주소를 변환할 수 없음
", ",주소를 변환할 수 없음,주소를 변환할 수 없음
", ",주소를 변환할 수 없음,주소를 변환할 수 없음
", ",주소를 변환할 수 없음,주소를 변환할 수 없음
", ",주소를 변환할 수 없음,주소를 변환할 수 없음
", ",주소를 변환할 수 없음,주소를 변환할 수 없음
", ",주소를 변환할 수 없음,주소를 변환할 수 없음
", ",주소를 변환할 수 없음,주소를 변환할 수 없음
", ",주소를 변환할 수 없음,주소를 변환할 수 없음
", ",주소를 변환할 수 없음,주소를 변환할 수 없음
", ",주소를 변환할 수 없음,주소를 변환할 수 없음
", ",주소를 변환할 수 없음,주소를 변환할 수 없음
", ",주소를 변환할 수 없음,주소를 변환할 수 없음
", ",주소를 변환할 수 없음,주소를 변환할 수 없음
", ",주소를 변환할 수 없음,주소를 변환할 수 없음
", ",주소를 변환할 수 없음,주소를 변환할 수 없음
", ",주소를 변환할 수 없음,주소를 변환할 수 없음
", ",주소를 변환할 수 없음,주소를 변환할 수 없음
", ",주소를 변환할 수 없음,주소를 변환할 수 없음
", ",주소를 변환할 수 없음,주소를 변환할 수 없음
", ",주소를 변환할 수 없음,주소를 변환할 수 없음
", ",주소를 변환할 수 없음,주소를 변환할 수 없음
", ",주소를 변환할 수 없음,주소를 변환할 수 없음
", ",주소를 변환할 수 없음,주소를 변환할 수 없음
", ",주소를 변환할 수 없음,주소를 변환할 수 없음
", ",주소를 변환할 수 없음,주소를 변환할 수 없음
", ",주소를 변환할 수 없음,주소를 변환할 수 없음
", ",주소를 변환할 수 없음,주소를 변환할 수 없음
", ",주소를 변환할 수 없음,주소를 변환할 수 없음
", ",주소를 변환할 수 없음,주소를 변환할 수 없음
", ",주소를 변환할 수 없음,주소를 변환할 수 없음
", ",주소를 변환할 수 없음,주소를 변환할 수 없음
", ",주소를 변환할 수 없음,주소를 변환할 수 없음
", ",주소를 변환할 수 없음,주소를 변환할 수 없음
", ",주소를 변환할 수 없음,주소를 변환할 수 없음
", ",주소를 변환할 수 없음,주소를 변환할 수 없음
", ",주소를 변환할 수 없음,주소를 변환할 수 없음
", ",주소를 변환할 수 없음,주소를 변환할 수 없음
", ",주소를 변환할 수 없음,주소를 변환할 수 없음
", ",주소를 변환할 수 없음,주소를 변환할 수 없음
", ",주소를 변환할 수 없음,주소를 변환할 수 없음
", ",주소를 변환할 수 없음,주소를 변환할 수 없음
", ",주소를 변환할 수 없음,주소를 변환할 수 없음
", ",주소를 변환할 수 없음,주소를 변환할 수 없음
", ",주소를 변환할 수 없음,주소를 변환할 수 없음
", ",주소를 변환할 수 없음,주소를 변환할 수 없음
", ",주소를 변환할 수 없음,주소를 변환할 수 없음
", ",주소를 변환할 수 없음,주소를 변환할 수 없음
", ",주소를 변환할 수 없음,주소를 변환할 수 없음
", ",주소를 변환할 수 없음,주소를 변환할 수 없음
", ",주소를 변환할 수 없음,주소를 변환할 수 없음
", ",주소를 변환할 수 없음,주소를 변환할 수 없음
", ",주소를 변환할 수 없음,주소를 변환할 수 없음
", ",주소를 변환할 수 없음,주소를 변환할 수 없음
", ",주소를 변환할 수 없음,주소를 변환할 수 없음
", ",주소를 변환할 수 없음,주소를 변환할 수 없음
", ",주소를 변환할 수 없음,주소를 변환할 수 없음
", ",주소를 변환할 수 없음,주소를 변환할 수 없음
", ",주소를 변환할 수 없음,주소를 변환할 수 없음
", ",주소를 변환할 수 없음,주소를 변환할 수 없음
", ",주소를 변환할 수 없음,주소를 변환할 수 없음
", ",주소를 변환할 수 없음,주소를 변환할 수 없음
", ",주소를 변환할 수 없음,주소를 변환할 수 없음
", ",주소를 변환할 수 없음,주소를 변환할 수 없음
", ",주소를 변환할 수 없음,주소를 변환할 수 없음
", ",주소를 변환할 수 없음,주소를 변환할 수 없음
", ",주소를 변환할 수 없음,주소를 변환할 수 없음
", ",주소를 변환할 수 없음,주소를 변환할 수 없음
", ",주소를 변환할 수 없음,주소를 변환할 수 없음
", ",주소를 변환할 수 없음,주소를 변환할 수 없음
", ",주소를 변환할 수 없음,주소를 변환할 수 없음
", ",주소를 변환할 수 없음,주소를 변환할 수 없음
", ",주소를 변환할 수 없음,주소를 변환할 수 없음
", ",주소를 변환할 수 없음,주소를 변환할 수 없음
", ",주소를 변환할 수 없음,주소를 변환할 수 없음
", ",주소를 변환할 수 없음,주소를 변환할 수 없음
", ",주소를 변환할 수 없음,주소를 변환할 수 없음
", ",주소를 변환할 수 없음,주소를 변환할 수 없음
", ",주소를 변환할 수 없음,주소를 변환할 수 없음
", ",주소를 변환할 수 없음,주소를 변환할 수 없음
", ",주소를 변환할 수 없음,주소를 변환할 수 없음
", ",주소를 변환할 수 없음,주소를 변환할 수 없음
", ",주소를 변환할 수 없음,주소를 변환할 수 없음
", ",주소를 변환할 수 없음,주소를 변환할 수 없음
", ",주소를 변환할 수 없음,주소를 변환할 수 없음
", ",주소를 변환할 수 없음,주소를 변환할 수 없음
", ",주소를 변환할 수 없음,주소를 변환할 수 없음
", ",주소를 변환할 수 없음,주소를 변환할 수 없음
", ",주소를 변환할 수 없음,주소를 변환할 수 없음
", ",주소를 변환할 수 없음,주소를 변환할 수 없음
", ",주소를 변환할 수 없음,주소를 변환할 수 없음
", ",주소를 변환할 수 없음,주소를 변환할 수 없음
", ",주소를 변환할 수 없음,주소를 변환할 수 없음
", ",주소를 변환할 수 없음,주소를 변환할 수 없음
", ",주소를 변환할 수 없음,주소를 변환할 수 없음
", ",주소를 변환할 수 없음,주소를 변환할 수 없음
", ",주소를 변환할 수 없음,주소를 변환할 수 없음
", ",주소를 변환할 수 없음,주소를 변환할 수 없음
", ",주소를 변환할 수 없음,주소를 변환할 수 없음
", ",주소를 변환할 수 없음,주소를 변환할 수 없음
", ",주소를 변환할 수 없음,주소를 변환할 수 없음
", ",주소를 변환할 수 없음,주소를 변환할 수 없음
", ",주소를 변환할 수 없음,주소를 변환할 수 없음
", ",주소를 변환할 수 없음,주소를 변환할 수 없음
", ",주소를 변환할 수 없음,주소를 변환할 수 없음
", ",주소를 변환할 수 없음,주소를 변환할 수 없음
", ",주소를 변환할 수 없음,주소를 변환할 수 없음
", ",주소를 변환할 수 없음,주소를 변환할 수 없음
", ",주소를 변환할 수 없음,주소를 변환할 수 없음
", ",주소를 변환할 수 없음,주소를 변환할 수 없음
", ",주소를 변환할 수 없음,주소를 변환할 수 없음
", ",주소를 변환할 수 없음,주소를 변환할 수 없음
", ",주소를 변환할 수 없음,주소를 변환할 수 없음
", ",주소를 변환할 수 없음,주소를 변환할 수 없음
", ",주소를 변환할 수 없음,주소를 변환할 수 없음
", ",주소를 변환할 수 없음,주소를 변환할 수 없음
", ",주소를 변환할 수 없음,주소를 변환할 수 없음
", ",주소를 변환할 수 없음,주소를 변환할 수 없음
", ",주소를 변환할 수 없음,주소를 변환할 수 없음
", ",주소를 변환할 수 없음,주소를 변환할 수 없음
", ",주소를 변환할 수 없음,주소를 변환할 수 없음
", ",주소를 변환할 수 없음,주소를 변환할 수 없음
", ",주소를 변환할 수 없음,주소를 변환할 수 없음
", ",주소를 변환할 수 없음,주소를 변환할 수 없음
", ",주소를 변환할 수 없음,주소를 변환할 수 없음
", ",주소를 변환할 수 없음,주소를 변환할 수 없음
", ",주소를 변환할 수 없음,주소를 변환할 수 없음
", ",주소를 변환할 수 없음,주소를 변환할 수 없음
", ",주소를 변환할 수 없음,주소를 변환할 수 없음
", ",주소를 변환할 수 없음,주소를 변환할 수 없음
", ",주소를 변환할 수 없음,주소를 변환할 수 없음
", ",주소를 변환할 수 없음,주소를 변환할 수 없음
", ",주소를 변환할 수 없음,주소를 변환할 수 없음
", ",주소를 변환할 수 없음,주소를 변환할 수 없음
", ",주소를 변환할 수 없음,주소를 변환할 수 없음
", ",주소를 변환할 수 없음,주소를 변환할 수 없음
", ",주소를 변환할 수 없음,주소를 변환할 수 없음
", ",주소를 변환할 수 없음,주소를 변환할 수 없음
", ",주소를 변환할 수 없음,주소를 변환할 수 없음
", nan, ",주소를 변환할 수 없음,주소를 변환할 수 없음
", ",주소를 변환할 수 없음,주소를 변환할 수 없음
", ",주소를 변환할 수 없음,주소를 변환할 수 없음
", ",주소를 변환할 수 없음,주소를 변환할 수 없음
", ",주소를 변환할 수 없음,주소를 변환할 수 없음
", ",주소를 변환할 수 없음,주소를 변환할 수 없음
", ",주소를 변환할 수 없음,주소를 변환할 수 없음
", ",주소를 변환할 수 없음,주소를 변환할 수 없음
", ",주소를 변환할 수 없음,주소를 변환할 수 없음
", ",주소를 변환할 수 없음,주소를 변환할 수 없음
", ",주소를 변환할 수 없음,주소를 변환할 수 없음
", ",주소를 변환할 수 없음,주소를 변환할 수 없음
", ",주소를 변환할 수 없음,주소를 변환할 수 없음
", ",주소를 변환할 수 없음,주소를 변환할 수 없음
", ",주소를 변환할 수 없음,주소를 변환할 수 없음
", ",주소를 변환할 수 없음,주소를 변환할 수 없음
", ",주소를 변환할 수 없음,주소를 변환할 수 없음
", ",주소를 변환할 수 없음,주소를 변환할 수 없음
", ",주소를 변환할 수 없음,주소를 변환할 수 없음
", ",주소를 변환할 수 없음,주소를 변환할 수 없음
", ",주소를 변환할 수 없음,주소를 변환할 수 없음
", ",주소를 변환할 수 없음,주소를 변환할 수 없음
", ",주소를 변환할 수 없음,주소를 변환할 수 없음
", ",주소를 변환할 수 없음,주소를 변환할 수 없음
", ",주소를 변환할 수 없음,주소를 변환할 수 없음
", ",주소를 변환할 수 없음,주소를 변환할 수 없음
", ",주소를 변환할 수 없음,주소를 변환할 수 없음
", ",주소를 변환할 수 없음,주소를 변환할 수 없음
", ",주소를 변환할 수 없음,주소를 변환할 수 없음
", ",주소를 변환할 수 없음,주소를 변환할 수 없음
", ",주소를 변환할 수 없음,주소를 변환할 수 없음
", ",주소를 변환할 수 없음,주소를 변환할 수 없음
", ",주소를 변환할 수 없음,주소를 변환할 수 없음
", ",주소를 변환할 수 없음,주소를 변환할 수 없음
", ",주소를 변환할 수 없음,주소를 변환할 수 없음
", ",주소를 변환할 수 없음,주소를 변환할 수 없음
", ",주소를 변환할 수 없음,주소를 변환할 수 없음
", ",주소를 변환할 수 없음,주소를 변환할 수 없음
", ",주소를 변환할 수 없음,주소를 변환할 수 없음
", ",주소를 변환할 수 없음,주소를 변환할 수 없음
", ",주소를 변환할 수 없음,주소를 변환할 수 없음
", ",주소를 변환할 수 없음,주소를 변환할 수 없음
", ",주소를 변환할 수 없음,주소를 변환할 수 없음
", ",주소를 변환할 수 없음,주소를 변환할 수 없음
", ",주소를 변환할 수 없음,주소를 변환할 수 없음
", ",주소를 변환할 수 없음,주소를 변환할 수 없음
", ",주소를 변환할 수 없음,주소를 변환할 수 없음
", ",주소를 변환할 수 없음,주소를 변환할 수 없음
", ",주소를 변환할 수 없음,주소를 변환할 수 없음
", ",주소를 변환할 수 없음,주소를 변환할 수 없음
", ",주소를 변환할 수 없음,주소를 변환할 수 없음
", ",주소를 변환할 수 없음,주소를 변환할 수 없음
", ",주소를 변환할 수 없음,주소를 변환할 수 없음
", ",주소를 변환할 수 없음,주소를 변환할 수 없음
", ",주소를 변환할 수 없음,주소를 변환할 수 없음
", ",주소를 변환할 수 없음,주소를 변환할 수 없음
", ",주소를 변환할 수 없음,주소를 변환할 수 없음
", ",주소를 변환할 수 없음,주소를 변환할 수 없음
", ",주소를 변환할 수 없음,주소를 변환할 수 없음
", ",주소를 변환할 수 없음,주소를 변환할 수 없음
", ",주소를 변환할 수 없음,주소를 변환할 수 없음
", ",주소를 변환할 수 없음,주소를 변환할 수 없음
", ",주소를 변환할 수 없음,주소를 변환할 수 없음
", ",주소를 변환할 수 없음,주소를 변환할 수 없음
", ",주소를 변환할 수 없음,주소를 변환할 수 없음
", ",주소를 변환할 수 없음,주소를 변환할 수 없음
", ",주소를 변환할 수 없음,주소를 변환할 수 없음
", ",주소를 변환할 수 없음,주소를 변환할 수 없음
", ",주소를 변환할 수 없음,주소를 변환할 수 없음
", ",주소를 변환할 수 없음,주소를 변환할 수 없음
", ",주소를 변환할 수 없음,주소를 변환할 수 없음
", ",주소를 변환할 수 없음,주소를 변환할 수 없음
", ",주소를 변환할 수 없음,주소를 변환할 수 없음
", ",주소를 변환할 수 없음,주소를 변환할 수 없음
", ",주소를 변환할 수 없음,주소를 변환할 수 없음
", ",주소를 변환할 수 없음,주소를 변환할 수 없음
", ",주소를 변환할 수 없음,주소를 변환할 수 없음
", ",주소를 변환할 수 없음,주소를 변환할 수 없음
", ",주소를 변환할 수 없음,주소를 변환할 수 없음
", ",주소를 변환할 수 없음,주소를 변환할 수 없음
", ",주소를 변환할 수 없음,주소를 변환할 수 없음
", ",주소를 변환할 수 없음,주소를 변환할 수 없음
", ",주소를 변환할 수 없음,주소를 변환할 수 없음
", ",주소를 변환할 수 없음,주소를 변환할 수 없음
", ",주소를 변환할 수 없음,주소를 변환할 수 없음
", ",주소를 변환할 수 없음,주소를 변환할 수 없음
", ",주소를 변환할 수 없음,주소를 변환할 수 없음
", ",주소를 변환할 수 없음,주소를 변환할 수 없음
", ",주소를 변환할 수 없음,주소를 변환할 수 없음
", ",주소를 변환할 수 없음,주소를 변환할 수 없음
", ",주소를 변환할 수 없음,주소를 변환할 수 없음
", ",주소를 변환할 수 없음,주소를 변환할 수 없음
", ",주소를 변환할 수 없음,주소를 변환할 수 없음
", ",주소를 변환할 수 없음,주소를 변환할 수 없음
", ",주소를 변환할 수 없음,주소를 변환할 수 없음
", ",주소를 변환할 수 없음,주소를 변환할 수 없음
", ",주소를 변환할 수 없음,주소를 변환할 수 없음
", ",주소를 변환할 수 없음,주소를 변환할 수 없음
", ",주소를 변환할 수 없음,주소를 변환할 수 없음
", ",주소를 변환할 수 없음,주소를 변환할 수 없음
", ",주소를 변환할 수 없음,주소를 변환할 수 없음
", ",주소를 변환할 수 없음,주소를 변환할 수 없음
", ",주소를 변환할 수 없음,주소를 변환할 수 없음
", ",주소를 변환할 수 없음,주소를 변환할 수 없음
", ",주소를 변환할 수 없음,주소를 변환할 수 없음
", ",주소를 변환할 수 없음,주소를 변환할 수 없음
", ",주소를 변환할 수 없음,주소를 변환할 수 없음
", ",주소를 변환할 수 없음,주소를 변환할 수 없음
", ",주소를 변환할 수 없음,주소를 변환할 수 없음
", ",주소를 변환할 수 없음,주소를 변환할 수 없음
", ",주소를 변환할 수 없음,주소를 변환할 수 없음
", ",주소를 변환할 수 없음,주소를 변환할 수 없음
", ",주소를 변환할 수 없음,주소를 변환할 수 없음
", ",주소를 변환할 수 없음,주소를 변환할 수 없음
", ",주소를 변환할 수 없음,주소를 변환할 수 없음
", ",주소를 변환할 수 없음,주소를 변환할 수 없음
", ",주소를 변환할 수 없음,주소를 변환할 수 없음
", ",주소를 변환할 수 없음,주소를 변환할 수 없음
", ",주소를 변환할 수 없음,주소를 변환할 수 없음
", ",주소를 변환할 수 없음,주소를 변환할 수 없음
", ",주소를 변환할 수 없음,주소를 변환할 수 없음
", ",주소를 변환할 수 없음,주소를 변환할 수 없음
", ",주소를 변환할 수 없음,주소를 변환할 수 없음
", ",주소를 변환할 수 없음,주소를 변환할 수 없음
", ",주소를 변환할 수 없음,주소를 변환할 수 없음
", ",주소를 변환할 수 없음,주소를 변환할 수 없음
", ",주소를 변환할 수 없음,주소를 변환할 수 없음
", ",주소를 변환할 수 없음,주소를 변환할 수 없음
", ",주소를 변환할 수 없음,주소를 변환할 수 없음
", ",주소를 변환할 수 없음,주소를 변환할 수 없음
", ",주소를 변환할 수 없음,주소를 변환할 수 없음
", ",주소를 변환할 수 없음,주소를 변환할 수 없음
", ",주소를 변환할 수 없음,주소를 변환할 수 없음
", ",주소를 변환할 수 없음,주소를 변환할 수 없음
", ",주소를 변환할 수 없음,주소를 변환할 수 없음
", ",주소를 변환할 수 없음,주소를 변환할 수 없음
", ",주소를 변환할 수 없음,주소를 변환할 수 없음
", ",주소를 변환할 수 없음,주소를 변환할 수 없음
", ",주소를 변환할 수 없음,주소를 변환할 수 없음
", ",주소를 변환할 수 없음,주소를 변환할 수 없음
", ",주소를 변환할 수 없음,주소를 변환할 수 없음
", ",주소를 변환할 수 없음,주소를 변환할 수 없음
", ",주소를 변환할 수 없음,주소를 변환할 수 없음
", ",주소를 변환할 수 없음,주소를 변환할 수 없음
", ",주소를 변환할 수 없음,주소를 변환할 수 없음
", ",주소를 변환할 수 없음,주소를 변환할 수 없음
", ",주소를 변환할 수 없음,주소를 변환할 수 없음
", ",주소를 변환할 수 없음,주소를 변환할 수 없음
", ",주소를 변환할 수 없음,주소를 변환할 수 없음
", ",주소를 변환할 수 없음,주소를 변환할 수 없음
", ",주소를 변환할 수 없음,주소를 변환할 수 없음
", ",주소를 변환할 수 없음,주소를 변환할 수 없음
", ",주소를 변환할 수 없음,주소를 변환할 수 없음
", ",주소를 변환할 수 없음,주소를 변환할 수 없음
", ",주소를 변환할 수 없음,주소를 변환할 수 없음
", ",주소를 변환할 수 없음,주소를 변환할 수 없음
", ",주소를 변환할 수 없음,주소를 변환할 수 없음
", ",주소를 변환할 수 없음,주소를 변환할 수 없음
", ",주소를 변환할 수 없음,주소를 변환할 수 없음
", ",주소를 변환할 수 없음,주소를 변환할 수 없음
", ",주소를 변환할 수 없음,주소를 변환할 수 없음
", ",주소를 변환할 수 없음,주소를 변환할 수 없음
", ",주소를 변환할 수 없음,주소를 변환할 수 없음
", ",주소를 변환할 수 없음,주소를 변환할 수 없음
", ",주소를 변환할 수 없음,주소를 변환할 수 없음
", ",주소를 변환할 수 없음,주소를 변환할 수 없음
", ",주소를 변환할 수 없음,주소를 변환할 수 없음
", ",주소를 변환할 수 없음,주소를 변환할 수 없음
", ",주소를 변환할 수 없음,주소를 변환할 수 없음
", ",주소를 변환할 수 없음,주소를 변환할 수 없음
", ",주소를 변환할 수 없음,주소를 변환할 수 없음
", ",주소를 변환할 수 없음,주소를 변환할 수 없음
", ",주소를 변환할 수 없음,주소를 변환할 수 없음
", ",주소를 변환할 수 없음,주소를 변환할 수 없음
", ",주소를 변환할 수 없음,주소를 변환할 수 없음
", ",주소를 변환할 수 없음,주소를 변환할 수 없음
", ",주소를 변환할 수 없음,주소를 변환할 수 없음
", ",주소를 변환할 수 없음,주소를 변환할 수 없음
", ",주소를 변환할 수 없음,주소를 변환할 수 없음
", ",주소를 변환할 수 없음,주소를 변환할 수 없음
", ",주소를 변환할 수 없음,주소를 변환할 수 없음
", ",주소를 변환할 수 없음,주소를 변환할 수 없음
", ",주소를 변환할 수 없음,주소를 변환할 수 없음
", ",주소를 변환할 수 없음,주소를 변환할 수 없음
", ",주소를 변환할 수 없음,주소를 변환할 수 없음
", ",주소를 변환할 수 없음,주소를 변환할 수 없음
", nan, ",주소를 변환할 수 없음,주소를 변환할 수 없음
", ",주소를 변환할 수 없음,주소를 변환할 수 없음
", ",주소를 변환할 수 없음,주소를 변환할 수 없음
", ",주소를 변환할 수 없음,주소를 변환할 수 없음
", ",주소를 변환할 수 없음,주소를 변환할 수 없음
", ",주소를 변환할 수 없음,주소를 변환할 수 없음
", ",주소를 변환할 수 없음,주소를 변환할 수 없음
", ",주소를 변환할 수 없음,주소를 변환할 수 없음
", ",주소를 변환할 수 없음,주소를 변환할 수 없음
", ",주소를 변환할 수 없음,주소를 변환할 수 없음
", ",주소를 변환할 수 없음,주소를 변환할 수 없음
", ",주소를 변환할 수 없음,주소를 변환할 수 없음
", nan, ",주소를 변환할 수 없음,주소를 변환할 수 없음
", nan, ",주소를 변환할 수 없음,주소를 변환할 수 없음
", ",주소를 변환할 수 없음,주소를 변환할 수 없음
", ",주소를 변환할 수 없음,주소를 변환할 수 없음
", ",주소를 변환할 수 없음,주소를 변환할 수 없음
", ",주소를 변환할 수 없음,주소를 변환할 수 없음
", ",주소를 변환할 수 없음,주소를 변환할 수 없음
", ",주소를 변환할 수 없음,주소를 변환할 수 없음
", ",주소를 변환할 수 없음,주소를 변환할 수 없음
", ",주소를 변환할 수 없음,주소를 변환할 수 없음
", ",주소를 변환할 수 없음,주소를 변환할 수 없음
", ",주소를 변환할 수 없음,주소를 변환할 수 없음
", ",주소를 변환할 수 없음,주소를 변환할 수 없음
", ",주소를 변환할 수 없음,주소를 변환할 수 없음
", ",주소를 변환할 수 없음,주소를 변환할 수 없음
", ",주소를 변환할 수 없음,주소를 변환할 수 없음
", ",주소를 변환할 수 없음,주소를 변환할 수 없음
", ",주소를 변환할 수 없음,주소를 변환할 수 없음
", ",주소를 변환할 수 없음,주소를 변환할 수 없음
", ",주소를 변환할 수 없음,주소를 변환할 수 없음
", nan, ",주소를 변환할 수 없음,주소를 변환할 수 없음
", ",주소를 변환할 수 없음,주소를 변환할 수 없음
", ",주소를 변환할 수 없음,주소를 변환할 수 없음
", ",주소를 변환할 수 없음,주소를 변환할 수 없음
", ",주소를 변환할 수 없음,주소를 변환할 수 없음
", ",주소를 변환할 수 없음,주소를 변환할 수 없음
", ",주소를 변환할 수 없음,주소를 변환할 수 없음
", ",주소를 변환할 수 없음,주소를 변환할 수 없음
", ",주소를 변환할 수 없음,주소를 변환할 수 없음
", ",주소를 변환할 수 없음,주소를 변환할 수 없음
", ",주소를 변환할 수 없음,주소를 변환할 수 없음
", ",주소를 변환할 수 없음,주소를 변환할 수 없음
", nan, ",주소를 변환할 수 없음,주소를 변환할 수 없음
", ",주소를 변환할 수 없음,주소를 변환할 수 없음
", ",주소를 변환할 수 없음,주소를 변환할 수 없음
", ",주소를 변환할 수 없음,주소를 변환할 수 없음
", ",주소를 변환할 수 없음,주소를 변환할 수 없음
", ",주소를 변환할 수 없음,주소를 변환할 수 없음
", ",주소를 변환할 수 없음,주소를 변환할 수 없음
", ",주소를 변환할 수 없음,주소를 변환할 수 없음
", ",주소를 변환할 수 없음,주소를 변환할 수 없음
", ",주소를 변환할 수 없음,주소를 변환할 수 없음
", ",주소를 변환할 수 없음,주소를 변환할 수 없음
", ",주소를 변환할 수 없음,주소를 변환할 수 없음
", ",주소를 변환할 수 없음,주소를 변환할 수 없음
", ",주소를 변환할 수 없음,주소를 변환할 수 없음
", ",주소를 변환할 수 없음,주소를 변환할 수 없음
", ",주소를 변환할 수 없음,주소를 변환할 수 없음
", ",주소를 변환할 수 없음,주소를 변환할 수 없음
", ",주소를 변환할 수 없음,주소를 변환할 수 없음
", ",주소를 변환할 수 없음,주소를 변환할 수 없음
", ",주소를 변환할 수 없음,주소를 변환할 수 없음
", ",주소를 변환할 수 없음,주소를 변환할 수 없음
", ",주소를 변환할 수 없음,주소를 변환할 수 없음
", ",주소를 변환할 수 없음,주소를 변환할 수 없음
", ",주소를 변환할 수 없음,주소를 변환할 수 없음
", ",주소를 변환할 수 없음,주소를 변환할 수 없음
", ",주소를 변환할 수 없음,주소를 변환할 수 없음
", ",주소를 변환할 수 없음,주소를 변환할 수 없음
", ",주소를 변환할 수 없음,주소를 변환할 수 없음
", ",주소를 변환할 수 없음,주소를 변환할 수 없음
", ",주소를 변환할 수 없음,주소를 변환할 수 없음
", ",주소를 변환할 수 없음,주소를 변환할 수 없음
", ",주소를 변환할 수 없음,주소를 변환할 수 없음
", ",주소를 변환할 수 없음,주소를 변환할 수 없음
", ",주소를 변환할 수 없음,주소를 변환할 수 없음
", ",주소를 변환할 수 없음,주소를 변환할 수 없음
", ",주소를 변환할 수 없음,주소를 변환할 수 없음
", ",주소를 변환할 수 없음,주소를 변환할 수 없음
", ",주소를 변환할 수 없음,주소를 변환할 수 없음
", ",주소를 변환할 수 없음,주소를 변환할 수 없음
", nan, ",주소를 변환할 수 없음,주소를 변환할 수 없음
", ",주소를 변환할 수 없음,주소를 변환할 수 없음
", ",주소를 변환할 수 없음,주소를 변환할 수 없음
", ",주소를 변환할 수 없음,주소를 변환할 수 없음
", ",주소를 변환할 수 없음,주소를 변환할 수 없음
", ",주소를 변환할 수 없음,주소를 변환할 수 없음
", ",주소를 변환할 수 없음,주소를 변환할 수 없음
", ",주소를 변환할 수 없음,주소를 변환할 수 없음
", ",주소를 변환할 수 없음,주소를 변환할 수 없음
", ",주소를 변환할 수 없음,주소를 변환할 수 없음
", ",주소를 변환할 수 없음,주소를 변환할 수 없음
", ",주소를 변환할 수 없음,주소를 변환할 수 없음
", ",주소를 변환할 수 없음,주소를 변환할 수 없음
", ",주소를 변환할 수 없음,주소를 변환할 수 없음
", ",주소를 변환할 수 없음,주소를 변환할 수 없음
", ",주소를 변환할 수 없음,주소를 변환할 수 없음
", ",주소를 변환할 수 없음,주소를 변환할 수 없음
", ",주소를 변환할 수 없음,주소를 변환할 수 없음
", ",주소를 변환할 수 없음,주소를 변환할 수 없음
", ",주소를 변환할 수 없음,주소를 변환할 수 없음
", ",주소를 변환할 수 없음,주소를 변환할 수 없음
", ",주소를 변환할 수 없음,주소를 변환할 수 없음
", ",주소를 변환할 수 없음,주소를 변환할 수 없음
", ",주소를 변환할 수 없음,주소를 변환할 수 없음
", ",주소를 변환할 수 없음,주소를 변환할 수 없음
", ",주소를 변환할 수 없음,주소를 변환할 수 없음
", ",주소를 변환할 수 없음,주소를 변환할 수 없음
", ",주소를 변환할 수 없음,주소를 변환할 수 없음
", ",주소를 변환할 수 없음,주소를 변환할 수 없음
", ",주소를 변환할 수 없음,주소를 변환할 수 없음
", ",주소를 변환할 수 없음,주소를 변환할 수 없음
", ",주소를 변환할 수 없음,주소를 변환할 수 없음
", ",주소를 변환할 수 없음,주소를 변환할 수 없음
", ",주소를 변환할 수 없음,주소를 변환할 수 없음
", ",주소를 변환할 수 없음,주소를 변환할 수 없음
", ",주소를 변환할 수 없음,주소를 변환할 수 없음
", ",주소를 변환할 수 없음,주소를 변환할 수 없음
", ",주소를 변환할 수 없음,주소를 변환할 수 없음
", ",주소를 변환할 수 없음,주소를 변환할 수 없음
", ",주소를 변환할 수 없음,주소를 변환할 수 없음
", ",주소를 변환할 수 없음,주소를 변환할 수 없음
", ",주소를 변환할 수 없음,주소를 변환할 수 없음
", ",주소를 변환할 수 없음,주소를 변환할 수 없음
", ",주소를 변환할 수 없음,주소를 변환할 수 없음
", ",주소를 변환할 수 없음,주소를 변환할 수 없음
", ",주소를 변환할 수 없음,주소를 변환할 수 없음
", ",주소를 변환할 수 없음,주소를 변환할 수 없음
", ",주소를 변환할 수 없음,주소를 변환할 수 없음
", ",주소를 변환할 수 없음,주소를 변환할 수 없음
", ",주소를 변환할 수 없음,주소를 변환할 수 없음
", ",주소를 변환할 수 없음,주소를 변환할 수 없음
", ",주소를 변환할 수 없음,주소를 변환할 수 없음
", ",주소를 변환할 수 없음,주소를 변환할 수 없음
", ",주소를 변환할 수 없음,주소를 변환할 수 없음
", ",주소를 변환할 수 없음,주소를 변환할 수 없음
", ",주소를 변환할 수 없음,주소를 변환할 수 없음
", ",주소를 변환할 수 없음,주소를 변환할 수 없음
", ",주소를 변환할 수 없음,주소를 변환할 수 없음
", ",주소를 변환할 수 없음,주소를 변환할 수 없음
", ",주소를 변환할 수 없음,주소를 변환할 수 없음
", ",주소를 변환할 수 없음,주소를 변환할 수 없음
", ",주소를 변환할 수 없음,주소를 변환할 수 없음
", ",주소를 변환할 수 없음,주소를 변환할 수 없음
", ",주소를 변환할 수 없음,주소를 변환할 수 없음
", ",주소를 변환할 수 없음,주소를 변환할 수 없음
", ",주소를 변환할 수 없음,주소를 변환할 수 없음
", ",주소를 변환할 수 없음,주소를 변환할 수 없음
", ",주소를 변환할 수 없음,주소를 변환할 수 없음
", ",주소를 변환할 수 없음,주소를 변환할 수 없음
", ",주소를 변환할 수 없음,주소를 변환할 수 없음
", ",주소를 변환할 수 없음,주소를 변환할 수 없음
", ",주소를 변환할 수 없음,주소를 변환할 수 없음
", ",주소를 변환할 수 없음,주소를 변환할 수 없음
", ",주소를 변환할 수 없음,주소를 변환할 수 없음
", ",주소를 변환할 수 없음,주소를 변환할 수 없음
", ",주소를 변환할 수 없음,주소를 변환할 수 없음
", ",주소를 변환할 수 없음,주소를 변환할 수 없음
", ",주소를 변환할 수 없음,주소를 변환할 수 없음
", ",주소를 변환할 수 없음,주소를 변환할 수 없음
", ",주소를 변환할 수 없음,주소를 변환할 수 없음
", ",주소를 변환할 수 없음,주소를 변환할 수 없음
", ",주소를 변환할 수 없음,주소를 변환할 수 없음
", ",주소를 변환할 수 없음,주소를 변환할 수 없음
", ",주소를 변환할 수 없음,주소를 변환할 수 없음
", ",주소를 변환할 수 없음,주소를 변환할 수 없음
", ",주소를 변환할 수 없음,주소를 변환할 수 없음
", ",주소를 변환할 수 없음,주소를 변환할 수 없음
", ",주소를 변환할 수 없음,주소를 변환할 수 없음
", ",주소를 변환할 수 없음,주소를 변환할 수 없음
", ",주소를 변환할 수 없음,주소를 변환할 수 없음
", ",주소를 변환할 수 없음,주소를 변환할 수 없음
", ",주소를 변환할 수 없음,주소를 변환할 수 없음
", ",주소를 변환할 수 없음,주소를 변환할 수 없음
", ",주소를 변환할 수 없음,주소를 변환할 수 없음
", ",주소를 변환할 수 없음,주소를 변환할 수 없음
", nan, nan, ",주소를 변환할 수 없음,주소를 변환할 수 없음
", ",주소를 변환할 수 없음,주소를 변환할 수 없음
", ",주소를 변환할 수 없음,주소를 변환할 수 없음
", ",주소를 변환할 수 없음,주소를 변환할 수 없음
", ",주소를 변환할 수 없음,주소를 변환할 수 없음
", ",주소를 변환할 수 없음,주소를 변환할 수 없음
", ",주소를 변환할 수 없음,주소를 변환할 수 없음
", ",주소를 변환할 수 없음,주소를 변환할 수 없음
", ",주소를 변환할 수 없음,주소를 변환할 수 없음
", ",주소를 변환할 수 없음,주소를 변환할 수 없음
", ",주소를 변환할 수 없음,주소를 변환할 수 없음
", ",주소를 변환할 수 없음,주소를 변환할 수 없음
", ",주소를 변환할 수 없음,주소를 변환할 수 없음
", ",주소를 변환할 수 없음,주소를 변환할 수 없음
", ",주소를 변환할 수 없음,주소를 변환할 수 없음
", ",주소를 변환할 수 없음,주소를 변환할 수 없음
", ",주소를 변환할 수 없음,주소를 변환할 수 없음
", ",주소를 변환할 수 없음,주소를 변환할 수 없음
", ",주소를 변환할 수 없음,주소를 변환할 수 없음
", ",주소를 변환할 수 없음,주소를 변환할 수 없음
", ",주소를 변환할 수 없음,주소를 변환할 수 없음
", ",주소를 변환할 수 없음,주소를 변환할 수 없음
", ",주소를 변환할 수 없음,주소를 변환할 수 없음
", ",주소를 변환할 수 없음,주소를 변환할 수 없음
", ",주소를 변환할 수 없음,주소를 변환할 수 없음
", ",주소를 변환할 수 없음,주소를 변환할 수 없음
", ",주소를 변환할 수 없음,주소를 변환할 수 없음
", ",주소를 변환할 수 없음,주소를 변환할 수 없음
", ",주소를 변환할 수 없음,주소를 변환할 수 없음
", ",주소를 변환할 수 없음,주소를 변환할 수 없음
", ",주소를 변환할 수 없음,주소를 변환할 수 없음
", ",주소를 변환할 수 없음,주소를 변환할 수 없음
", ",주소를 변환할 수 없음,주소를 변환할 수 없음
", ",주소를 변환할 수 없음,주소를 변환할 수 없음
", ",주소를 변환할 수 없음,주소를 변환할 수 없음
", ",주소를 변환할 수 없음,주소를 변환할 수 없음
", ",주소를 변환할 수 없음,주소를 변환할 수 없음
", ",주소를 변환할 수 없음,주소를 변환할 수 없음
", ",주소를 변환할 수 없음,주소를 변환할 수 없음
", ",주소를 변환할 수 없음,주소를 변환할 수 없음
", ",주소를 변환할 수 없음,주소를 변환할 수 없음
", ",주소를 변환할 수 없음,주소를 변환할 수 없음
", ",주소를 변환할 수 없음,주소를 변환할 수 없음
", ",주소를 변환할 수 없음,주소를 변환할 수 없음
", ",주소를 변환할 수 없음,주소를 변환할 수 없음
", ",주소를 변환할 수 없음,주소를 변환할 수 없음
", ",주소를 변환할 수 없음,주소를 변환할 수 없음
", ",주소를 변환할 수 없음,주소를 변환할 수 없음
", ",주소를 변환할 수 없음,주소를 변환할 수 없음
", ",주소를 변환할 수 없음,주소를 변환할 수 없음
", ",주소를 변환할 수 없음,주소를 변환할 수 없음
", ",주소를 변환할 수 없음,주소를 변환할 수 없음
", ",주소를 변환할 수 없음,주소를 변환할 수 없음
", ",주소를 변환할 수 없음,주소를 변환할 수 없음
", ",주소를 변환할 수 없음,주소를 변환할 수 없음
", ",주소를 변환할 수 없음,주소를 변환할 수 없음
", ",주소를 변환할 수 없음,주소를 변환할 수 없음
", ",주소를 변환할 수 없음,주소를 변환할 수 없음
", ",주소를 변환할 수 없음,주소를 변환할 수 없음
", ",주소를 변환할 수 없음,주소를 변환할 수 없음
", ",주소를 변환할 수 없음,주소를 변환할 수 없음
", ",주소를 변환할 수 없음,주소를 변환할 수 없음
", ",주소를 변환할 수 없음,주소를 변환할 수 없음
", ",주소를 변환할 수 없음,주소를 변환할 수 없음
", ",주소를 변환할 수 없음,주소를 변환할 수 없음
", ",주소를 변환할 수 없음,주소를 변환할 수 없음
", ",주소를 변환할 수 없음,주소를 변환할 수 없음
", ",주소를 변환할 수 없음,주소를 변환할 수 없음
", ",주소를 변환할 수 없음,주소를 변환할 수 없음
", ",주소를 변환할 수 없음,주소를 변환할 수 없음
", ",주소를 변환할 수 없음,주소를 변환할 수 없음
", ",주소를 변환할 수 없음,주소를 변환할 수 없음
", ",주소를 변환할 수 없음,주소를 변환할 수 없음
", ",주소를 변환할 수 없음,주소를 변환할 수 없음
", ",주소를 변환할 수 없음,주소를 변환할 수 없음
", ",주소를 변환할 수 없음,주소를 변환할 수 없음
", ",주소를 변환할 수 없음,주소를 변환할 수 없음
", ",주소를 변환할 수 없음,주소를 변환할 수 없음
", ",주소를 변환할 수 없음,주소를 변환할 수 없음
", ",주소를 변환할 수 없음,주소를 변환할 수 없음
", ",주소를 변환할 수 없음,주소를 변환할 수 없음
", ",주소를 변환할 수 없음,주소를 변환할 수 없음
", ",주소를 변환할 수 없음,주소를 변환할 수 없음
", ",주소를 변환할 수 없음,주소를 변환할 수 없음
", ",주소를 변환할 수 없음,주소를 변환할 수 없음
", ",주소를 변환할 수 없음,주소를 변환할 수 없음
", ",주소를 변환할 수 없음,주소를 변환할 수 없음
", ",주소를 변환할 수 없음,주소를 변환할 수 없음
", ",주소를 변환할 수 없음,주소를 변환할 수 없음
", ",주소를 변환할 수 없음,주소를 변환할 수 없음
", ",주소를 변환할 수 없음,주소를 변환할 수 없음
", ",주소를 변환할 수 없음,주소를 변환할 수 없음
", ",주소를 변환할 수 없음,주소를 변환할 수 없음
", ",주소를 변환할 수 없음,주소를 변환할 수 없음
", ",주소를 변환할 수 없음,주소를 변환할 수 없음
", ",주소를 변환할 수 없음,주소를 변환할 수 없음
", ",주소를 변환할 수 없음,주소를 변환할 수 없음
", ",주소를 변환할 수 없음,주소를 변환할 수 없음
", ",주소를 변환할 수 없음,주소를 변환할 수 없음
", ",주소를 변환할 수 없음,주소를 변환할 수 없음
", ",주소를 변환할 수 없음,주소를 변환할 수 없음
", ",주소를 변환할 수 없음,주소를 변환할 수 없음
", ",주소를 변환할 수 없음,주소를 변환할 수 없음
", ",주소를 변환할 수 없음,주소를 변환할 수 없음
", ",주소를 변환할 수 없음,주소를 변환할 수 없음
", ",주소를 변환할 수 없음,주소를 변환할 수 없음
", ",주소를 변환할 수 없음,주소를 변환할 수 없음
", ",주소를 변환할 수 없음,주소를 변환할 수 없음
", ",주소를 변환할 수 없음,주소를 변환할 수 없음
", ",주소를 변환할 수 없음,주소를 변환할 수 없음
", ",주소를 변환할 수 없음,주소를 변환할 수 없음
", ",주소를 변환할 수 없음,주소를 변환할 수 없음
", ",주소를 변환할 수 없음,주소를 변환할 수 없음
", ",주소를 변환할 수 없음,주소를 변환할 수 없음
", ",주소를 변환할 수 없음,주소를 변환할 수 없음
", ",주소를 변환할 수 없음,주소를 변환할 수 없음
", ",주소를 변환할 수 없음,주소를 변환할 수 없음
", ",주소를 변환할 수 없음,주소를 변환할 수 없음
", ",주소를 변환할 수 없음,주소를 변환할 수 없음
", ",주소를 변환할 수 없음,주소를 변환할 수 없음
", ",주소를 변환할 수 없음,주소를 변환할 수 없음
", ",주소를 변환할 수 없음,주소를 변환할 수 없음
", ",주소를 변환할 수 없음,주소를 변환할 수 없음
", ",주소를 변환할 수 없음,주소를 변환할 수 없음
", ",주소를 변환할 수 없음,주소를 변환할 수 없음
", ",주소를 변환할 수 없음,주소를 변환할 수 없음
", ",주소를 변환할 수 없음,주소를 변환할 수 없음
", ",주소를 변환할 수 없음,주소를 변환할 수 없음
", ",주소를 변환할 수 없음,주소를 변환할 수 없음
", ",주소를 변환할 수 없음,주소를 변환할 수 없음
", ",주소를 변환할 수 없음,주소를 변환할 수 없음
", ",주소를 변환할 수 없음,주소를 변환할 수 없음
", ",주소를 변환할 수 없음,주소를 변환할 수 없음
", ",주소를 변환할 수 없음,주소를 변환할 수 없음
", ",주소를 변환할 수 없음,주소를 변환할 수 없음
", ",주소를 변환할 수 없음,주소를 변환할 수 없음
", ",주소를 변환할 수 없음,주소를 변환할 수 없음
", ",주소를 변환할 수 없음,주소를 변환할 수 없음
", ",주소를 변환할 수 없음,주소를 변환할 수 없음
", ",주소를 변환할 수 없음,주소를 변환할 수 없음
", ",주소를 변환할 수 없음,주소를 변환할 수 없음
", ",주소를 변환할 수 없음,주소를 변환할 수 없음
", ",주소를 변환할 수 없음,주소를 변환할 수 없음
", ",주소를 변환할 수 없음,주소를 변환할 수 없음
", ",주소를 변환할 수 없음,주소를 변환할 수 없음
", ",주소를 변환할 수 없음,주소를 변환할 수 없음
", ",주소를 변환할 수 없음,주소를 변환할 수 없음
", ",주소를 변환할 수 없음,주소를 변환할 수 없음
", ",주소를 변환할 수 없음,주소를 변환할 수 없음
", ",주소를 변환할 수 없음,주소를 변환할 수 없음
", ",주소를 변환할 수 없음,주소를 변환할 수 없음
", ",주소를 변환할 수 없음,주소를 변환할 수 없음
", ",주소를 변환할 수 없음,주소를 변환할 수 없음
", ",주소를 변환할 수 없음,주소를 변환할 수 없음
", ",주소를 변환할 수 없음,주소를 변환할 수 없음
", ",주소를 변환할 수 없음,주소를 변환할 수 없음
", ",주소를 변환할 수 없음,주소를 변환할 수 없음
", ",주소를 변환할 수 없음,주소를 변환할 수 없음
", ",주소를 변환할 수 없음,주소를 변환할 수 없음
", ",주소를 변환할 수 없음,주소를 변환할 수 없음
", ",주소를 변환할 수 없음,주소를 변환할 수 없음
", ",주소를 변환할 수 없음,주소를 변환할 수 없음
", ",주소를 변환할 수 없음,주소를 변환할 수 없음
", ",주소를 변환할 수 없음,주소를 변환할 수 없음
", ",주소를 변환할 수 없음,주소를 변환할 수 없음
", ",주소를 변환할 수 없음,주소를 변환할 수 없음
", ",주소를 변환할 수 없음,주소를 변환할 수 없음
", ",주소를 변환할 수 없음,주소를 변환할 수 없음
", ",주소를 변환할 수 없음,주소를 변환할 수 없음
", ",주소를 변환할 수 없음,주소를 변환할 수 없음
", ",주소를 변환할 수 없음,주소를 변환할 수 없음
", ",주소를 변환할 수 없음,주소를 변환할 수 없음
", ",주소를 변환할 수 없음,주소를 변환할 수 없음
", ",주소를 변환할 수 없음,주소를 변환할 수 없음
", ",주소를 변환할 수 없음,주소를 변환할 수 없음
", ",주소를 변환할 수 없음,주소를 변환할 수 없음
", ",주소를 변환할 수 없음,주소를 변환할 수 없음
", ",주소를 변환할 수 없음,주소를 변환할 수 없음
", ",주소를 변환할 수 없음,주소를 변환할 수 없음
", ",주소를 변환할 수 없음,주소를 변환할 수 없음
", ",주소를 변환할 수 없음,주소를 변환할 수 없음
", ",주소를 변환할 수 없음,주소를 변환할 수 없음
", ",주소를 변환할 수 없음,주소를 변환할 수 없음
", ",주소를 변환할 수 없음,주소를 변환할 수 없음
", ",주소를 변환할 수 없음,주소를 변환할 수 없음
", ",주소를 변환할 수 없음,주소를 변환할 수 없음
", ",주소를 변환할 수 없음,주소를 변환할 수 없음
", ",주소를 변환할 수 없음,주소를 변환할 수 없음
", ",주소를 변환할 수 없음,주소를 변환할 수 없음
", ",주소를 변환할 수 없음,주소를 변환할 수 없음
", ",주소를 변환할 수 없음,주소를 변환할 수 없음
", ",주소를 변환할 수 없음,주소를 변환할 수 없음
", ",주소를 변환할 수 없음,주소를 변환할 수 없음
", ",주소를 변환할 수 없음,주소를 변환할 수 없음
", ",주소를 변환할 수 없음,주소를 변환할 수 없음
", ",주소를 변환할 수 없음,주소를 변환할 수 없음
", ",주소를 변환할 수 없음,주소를 변환할 수 없음
", ",주소를 변환할 수 없음,주소를 변환할 수 없음
", ",주소를 변환할 수 없음,주소를 변환할 수 없음
", ",주소를 변환할 수 없음,주소를 변환할 수 없음
", ",주소를 변환할 수 없음,주소를 변환할 수 없음
", ",주소를 변환할 수 없음,주소를 변환할 수 없음
", ",주소를 변환할 수 없음,주소를 변환할 수 없음
", ",주소를 변환할 수 없음,주소를 변환할 수 없음
", ",주소를 변환할 수 없음,주소를 변환할 수 없음
", ",주소를 변환할 수 없음,주소를 변환할 수 없음
", ",주소를 변환할 수 없음,주소를 변환할 수 없음
", ",주소를 변환할 수 없음,주소를 변환할 수 없음
", ",주소를 변환할 수 없음,주소를 변환할 수 없음
", ",주소를 변환할 수 없음,주소를 변환할 수 없음
", ",주소를 변환할 수 없음,주소를 변환할 수 없음
", ",주소를 변환할 수 없음,주소를 변환할 수 없음
", ",주소를 변환할 수 없음,주소를 변환할 수 없음
", ",주소를 변환할 수 없음,주소를 변환할 수 없음
", ",주소를 변환할 수 없음,주소를 변환할 수 없음
", ",주소를 변환할 수 없음,주소를 변환할 수 없음
", ",주소를 변환할 수 없음,주소를 변환할 수 없음
", ",주소를 변환할 수 없음,주소를 변환할 수 없음
", ",주소를 변환할 수 없음,주소를 변환할 수 없음
", ",주소를 변환할 수 없음,주소를 변환할 수 없음
", ",주소를 변환할 수 없음,주소를 변환할 수 없음
", ",주소를 변환할 수 없음,주소를 변환할 수 없음
", ",주소를 변환할 수 없음,주소를 변환할 수 없음
", ",주소를 변환할 수 없음,주소를 변환할 수 없음
", ",주소를 변환할 수 없음,주소를 변환할 수 없음
", ",주소를 변환할 수 없음,주소를 변환할 수 없음
", ",주소를 변환할 수 없음,주소를 변환할 수 없음
", ",주소를 변환할 수 없음,주소를 변환할 수 없음
", ",주소를 변환할 수 없음,주소를 변환할 수 없음
", ",주소를 변환할 수 없음,주소를 변환할 수 없음
", ",주소를 변환할 수 없음,주소를 변환할 수 없음
", ",주소를 변환할 수 없음,주소를 변환할 수 없음
", ",주소를 변환할 수 없음,주소를 변환할 수 없음
", ",주소를 변환할 수 없음,주소를 변환할 수 없음
", ",주소를 변환할 수 없음,주소를 변환할 수 없음
", ",주소를 변환할 수 없음,주소를 변환할 수 없음
", ",주소를 변환할 수 없음,주소를 변환할 수 없음
", ",주소를 변환할 수 없음,주소를 변환할 수 없음
", ",주소를 변환할 수 없음,주소를 변환할 수 없음
", ",주소를 변환할 수 없음,주소를 변환할 수 없음
", ",주소를 변환할 수 없음,주소를 변환할 수 없음
", ",주소를 변환할 수 없음,주소를 변환할 수 없음
", ",주소를 변환할 수 없음,주소를 변환할 수 없음
", ",주소를 변환할 수 없음,주소를 변환할 수 없음
", ",주소를 변환할 수 없음,주소를 변환할 수 없음
", ",주소를 변환할 수 없음,주소를 변환할 수 없음
", ",주소를 변환할 수 없음,주소를 변환할 수 없음
", ",주소를 변환할 수 없음,주소를 변환할 수 없음
", ",주소를 변환할 수 없음,주소를 변환할 수 없음
", ",주소를 변환할 수 없음,주소를 변환할 수 없음
", ",주소를 변환할 수 없음,주소를 변환할 수 없음
", ",주소를 변환할 수 없음,주소를 변환할 수 없음
", ",주소를 변환할 수 없음,주소를 변환할 수 없음
", ",주소를 변환할 수 없음,주소를 변환할 수 없음
", ",주소를 변환할 수 없음,주소를 변환할 수 없음
", ",주소를 변환할 수 없음,주소를 변환할 수 없음
", ",주소를 변환할 수 없음,주소를 변환할 수 없음
", ",주소를 변환할 수 없음,주소를 변환할 수 없음
", ",주소를 변환할 수 없음,주소를 변환할 수 없음
", ",주소를 변환할 수 없음,주소를 변환할 수 없음
", ",주소를 변환할 수 없음,주소를 변환할 수 없음
", ",주소를 변환할 수 없음,주소를 변환할 수 없음
", ",주소를 변환할 수 없음,주소를 변환할 수 없음
", ",주소를 변환할 수 없음,주소를 변환할 수 없음
", ",주소를 변환할 수 없음,주소를 변환할 수 없음
", ",주소를 변환할 수 없음,주소를 변환할 수 없음
", ",주소를 변환할 수 없음,주소를 변환할 수 없음
", ",주소를 변환할 수 없음,주소를 변환할 수 없음
", ",주소를 변환할 수 없음,주소를 변환할 수 없음
", ",주소를 변환할 수 없음,주소를 변환할 수 없음
", ",주소를 변환할 수 없음,주소를 변환할 수 없음
", ",주소를 변환할 수 없음,주소를 변환할 수 없음
", ",주소를 변환할 수 없음,주소를 변환할 수 없음
", ",주소를 변환할 수 없음,주소를 변환할 수 없음
", ",주소를 변환할 수 없음,주소를 변환할 수 없음
", ",주소를 변환할 수 없음,주소를 변환할 수 없음
", ",주소를 변환할 수 없음,주소를 변환할 수 없음
", ",주소를 변환할 수 없음,주소를 변환할 수 없음
", ",주소를 변환할 수 없음,주소를 변환할 수 없음
", ",주소를 변환할 수 없음,주소를 변환할 수 없음
", ",주소를 변환할 수 없음,주소를 변환할 수 없음
", ",주소를 변환할 수 없음,주소를 변환할 수 없음
", ",주소를 변환할 수 없음,주소를 변환할 수 없음
", ",주소를 변환할 수 없음,주소를 변환할 수 없음
", ",주소를 변환할 수 없음,주소를 변환할 수 없음
", ",주소를 변환할 수 없음,주소를 변환할 수 없음
", ",주소를 변환할 수 없음,주소를 변환할 수 없음
", ",주소를 변환할 수 없음,주소를 변환할 수 없음
", ",주소를 변환할 수 없음,주소를 변환할 수 없음
", ",주소를 변환할 수 없음,주소를 변환할 수 없음
", ",주소를 변환할 수 없음,주소를 변환할 수 없음
", ",주소를 변환할 수 없음,주소를 변환할 수 없음
", ",주소를 변환할 수 없음,주소를 변환할 수 없음
", ",주소를 변환할 수 없음,주소를 변환할 수 없음
", ",주소를 변환할 수 없음,주소를 변환할 수 없음
", ",주소를 변환할 수 없음,주소를 변환할 수 없음
", ",주소를 변환할 수 없음,주소를 변환할 수 없음
", ",주소를 변환할 수 없음,주소를 변환할 수 없음
", ",주소를 변환할 수 없음,주소를 변환할 수 없음
", ",주소를 변환할 수 없음,주소를 변환할 수 없음
", ",주소를 변환할 수 없음,주소를 변환할 수 없음
", ",주소를 변환할 수 없음,주소를 변환할 수 없음
", ",주소를 변환할 수 없음,주소를 변환할 수 없음
", ",주소를 변환할 수 없음,주소를 변환할 수 없음
", ",주소를 변환할 수 없음,주소를 변환할 수 없음
", ",주소를 변환할 수 없음,주소를 변환할 수 없음
