순위,분류,관련 키워드,언급건수,연도
1,레포츠,빠지,56104,2022
2,휴식/힐링,힐링,54260,2022
3,기타,투어,26366,2022
4,휴식/힐링,나들이,24077,2022
5,휴식/힐링,호캉스,19124,2022
6,레포츠,캠핑,14916,2022
7,레포츠,등산,14491,2022
8,레포츠,스키,12830,2022
9,기타,데이트코스,11972,2022
10,기타,해외여행,8198,2022
11,휴식/힐링,피크닉,7836,2022
12,미식,먹부림,6258,2022
13,휴식/힐링,휴양,6010,2022
14,미식,맛집탐방,5885,2022
15,미식,카페투어,5145,2022
16,기타,부산여행,4953,2022
17,휴식/힐링,테라피,4905,2022
18,레포츠,레저,4425,2022
19,미식,맛집투어,4366,2022
20,레포츠,낚시,3216,2022
21,기타,답사,2927,2022
22,휴식/힐링,신혼여행,2907,2022
23,미식,애프터눈티,2859,2022
24,레포츠,서핑,2724,2022
25,휴식/힐링,불멍,2307,2022
26,레포츠,글램핑,2213,2022
27,레포츠,클라이밍,2202,2022
28,레포츠,산행,1990,2022
29,미식,빵지순례,1877,2022
30,휴식/힐링,즐길거리,1824,2022
31,휴식/힐링,재충전,1501,2022
32,기타,일본여행,1494,2022
33,체험,수학여행,1321,2022
34,휴식/힐링,물멍,1262,2022
35,기타,유럽여행,1241,2022
36,기타,제주여행,1156,2022
37,레포츠,차박,1118,2022
38,미식,먹킷리스트,1054,2022
39,휴식/힐링,허니문,1022,2022
40,체험,쿠킹클래스,1010,2022
41,기타,추억여행,1008,2022
42,레포츠,트레킹,916,2022
43,레포츠,트래킹,877,2022
44,레포츠,스쿼시,748,2022
45,기타,제주도여행,681,2022
46,레포츠,패러글라이딩,640,2022
47,체험,템플스테이,594,2022
48,휴식/힐링,일광욕,572,2022
49,휴식/힐링,워케이션,539,2022
50,레포츠,스케이트보드,538,2022
51,휴식/힐링,야영,506,2022
52,레포츠,ssi,496,2022
53,레포츠,골프여행,490,2022
54,미식,고기파티,477,2022
55,기타,세계여행,453,2022
56,기타,자유여행,431,2022
56,레포츠,오프로드,431,2022
58,휴식/힐링,드라이브코스,428,2022
59,레포츠,스쿠버,416,2022
60,휴식/힐링,단풍놀이,406,2022
61,레포츠,짚라인,402,2022
62,기타,배낭여행,394,2022
63,레포츠,하이킹,384,2022
64,미식,빵투어,374,2022
65,레포츠,레포츠,358,2022
66,기타,미국여행,339,2022
67,미식,바베큐파티,327,2022
68,체험,향수만들기,324,2022
69,레포츠,캠프파이어,323,2022
70,레포츠,백패킹,319,2022
71,레포츠,수상레저,311,2022
72,휴식/힐링,힐링여행,305,2022
73,레포츠,수상스키,303,2022
74,기타,기차여행,291,2022
75,레포츠,암벽등반,283,2022
76,레포츠,스쿠버다이빙,279,2022
76,레포츠,캠핑족,279,2022
78,레포츠,카약,276,2022
79,레포츠,애슬레저,266,2022
80,레포츠,프리다이빙,253,2022
81,체험,시티투어,247,2022
82,체험,vr체험,231,2022
83,레포츠,스노쿨링,221,2022
84,레포츠,오토캠핑,216,2022
85,레포츠,번지점프,215,2022
86,휴식/힐링,우정여행,209,2022
87,레포츠,스노우보드,206,2022
88,레포츠,스노클링,191,2022
89,레포츠,골프투어,187,2022
90,휴식/힐링,가을여행,184,2022
91,휴식/힐링,펫캉스,182,2022
92,레포츠,감성캠핑,169,2022
92,레포츠,웨이크보드,169,2022
94,휴식/힐링,홈캉스,159,2022
95,휴식/힐링,겨울여행,154,2022
96,휴식/힐링,노을뷰,152,2022
97,체험,숲체험,148,2022
98,레포츠,레저스포츠,147,2022
99,미식,먹방여행,144,2022
100,레포츠,해양레저,140,2022
101,휴식/힐링,스테이케이션,137,2022
102,기타,세계일주,128,2022
102,레포츠,바다낚시,128,2022
104,휴식/힐링,바다멍,127,2022
105,휴식/힐링,요트투어,125,2022
106,레포츠,padi,119,2022
107,레포츠,래프팅,117,2022
107,휴식/힐링,즉흥여행,117,2022
109,레포츠,게이트볼,115,2022
110,레포츠,스킨스쿠버,113,2022
110,휴식/힐링,촌캉스,113,2022
112,기타,패키지여행,109,2022
112,레포츠,트레일러닝,109,2022
114,기타,졸업여행,107,2022
115,기타,스탬프투어,106,2022
116,기타,도보여행,105,2022
116,레포츠,해양스포츠,105,2022
118,휴식/힐링,태교여행,104,2022
119,기타,중국여행,102,2022
120,기타,데이트스냅,97,2022
120,레포츠,윈드서핑,97,2022
122,체험,조향체험,95,2022
123,레포츠,수상스포츠,91,2022
123,휴식/힐링,차크닉,91,2022
125,레포츠,제트스키,89,2022
125,체험,공포체험,89,2022
127,체험,생태체험,87,2022
128,레포츠,바나나보트,86,2022
129,기타,동남아여행,85,2022
129,레포츠,제트보트,85,2022
131,휴식/힐링,키캉스,84,2022
131,레포츠,캠크닉,84,2022
133,휴식/힐링,홈캠핑,81,2022
134,체험,갯벌체험,80,2022
134,휴식/힐링,집콕생활,80,2022
136,레포츠,아쿠아로빅,77,2022
136,미식,맥주파티,77,2022
136,휴식/힐링,숲캉스,77,2022
136,휴식/힐링,온천여행,77,2022
140,레포츠,패들보드,76,2022
141,레포츠,산악자전거,72,2022
141,레포츠,캠핑여행,72,2022
141,체험,농촌체험,72,2022
144,체험,어촌체험,69,2022
144,휴식/힐링,생태관광,69,2022
146,레포츠,캠프닉,66,2022
147,체험,한옥스테이,64,2022
148,휴식/힐링,혼놀,61,2022
149,기타,걷기여행,60,2022
150,미식,식도락여행,54,2022
151,체험,버스투어,53,2022
152,레포츠,발야구,51,2022
153,미식,삼겹살파티,50,2022
154,레포츠,스카이다이빙,49,2022
155,체험,승마체험,48,2022
155,휴식/힐링,봄여행,48,2022
157,기타,역사여행,46,2022
157,기타,워킹투어,46,2022
157,휴식/힐링,하늘멍,46,2022
160,레포츠,bmx,45,2022
161,체험,공방체험,44,2022
161,체험,한복체험,44,2022
161,휴식/힐링,북캉스,44,2022
161,휴식/힐링,숲멍,44,2022
165,체험,야경투어,42,2022
165,레포츠,수상레져,42,2022
167,체험,한옥체험,41,2022
167,휴식/힐링,근교여행,41,2022
167,체험,놀이체험,41,2022
170,레포츠,배스낚시,40,2022
170,체험,물레체험,40,2022
172,기타,자전거여행,39,2022
172,체험,미술체험,39,2022
174,기타,테마여행,38,2022
174,레포츠,웨이크서핑,38,2022
176,기타,무전여행,37,2022
176,체험,곤충체험,37,2022
178,레포츠,오픈워터,36,2022
179,레포츠,글라이더,35,2022
180,체험,증강현실체험,33,2022
181,체험,다도체험,32,2022
181,체험,역사체험,32,2022
181,휴식/힐링,집캉스,32,2022
184,레포츠,스키여행,31,2022
185,기타,소싸움,30,2022
186,레포츠,써핑,28,2022
186,미식,와이너리투어,28,2022
186,체험,도자기체험,28,2022
189,휴식/힐링,감성여행,27,2022
189,기타,도시여행,27,2022
191,레포츠,노지캠핑,26,2022
191,미식,빵집순례,26,2022
191,휴식/힐링,몰캉스,26,2022
191,체험,공예체험,26,2022
191,휴식/힐링,크루즈여행,26,2022
196,레포츠,페러글라이딩,24,2022
196,휴식/힐링,산멍,24,2022
196,레포츠,해양레포츠,24,2022
199,휴식/힐링,호텔스테이,23,2022
199,휴식/힐링,시골여행,23,2022
199,레포츠,실내스키,23,2022
202,휴식/힐링,일몰뷰,22,2022
203,휴식/힐링,모캉스,21,2022
203,휴식/힐링,일출뷰,21,2022
203,체험,동물체험,21,2022
203,휴식/힐링,책맥,21,2022
207,휴식/힐링,벚꽃여행,19,2022
207,휴식/힐링,한캉스,19,2022
209,레포츠,민물낚시,18,2022
209,레포츠,스킨스쿠버다이빙,18,2022
209,레포츠,패러세일링,18,2022
212,기타,일본관광,17,2022
212,레포츠,패들보트,17,2022
212,기타,기념여행,17,2022
212,체험,악기체험,17,2022
212,휴식/힐링,낭만여행,17,2022
217,레포츠,행글라이더,15,2022
217,체험,요트체험,15,2022
217,체험,원예체험,15,2022
217,휴식/힐링,구름멍,15,2022
221,레포츠,인라인스케이팅,14,2022
221,미식,미식체험,14,2022
221,레포츠,골캉스,14,2022
221,레포츠,버기카,14,2022
225,레포츠,카라반캠핑,13,2022
225,체험,도예체험,13,2022
225,휴식/힐링,파도멍,13,2022
225,레포츠,루어낚시,13,2022
225,체험,농사체험,13,2022
225,체험,전쟁체험,13,2022
231,기타,청춘여행,12,2022
231,레포츠,모토캠핑,12,2022
231,체험,딸기체험,12,2022
231,체험,숙박체험,12,2022
231,체험,족욕체험,12,2022
231,레포츠,스노우쿨링,12,2022
231,체험,택시투어,12,2022
231,휴식/힐링,카캉스,12,2022
231,레포츠,낚시여행,12,2022
231,레포츠,원스키,12,2022
231,레포츠,인공암벽등반,12,2022
242,체험,사격체험,11,2022
242,레포츠,블롭점프,11,2022
244,체험,씨티투어,10,2022
244,미식,와인투어,10,2022
244,체험,목공체험,10,2022
244,체험,교복체험,10,2022
244,휴식/힐링,백캉스,10,2022
244,기타,자전거투어,10,2022
250,기타,야외취침,9,2022
250,체험,감귤체험,9,2022
250,체험,농장체험,9,2022
250,체험,우주체험,9,2022
250,체험,스쿠버다이빙체험,9,2022
250,체험,해녀체험,9,2022
250,휴식/힐링,석양뷰,9,2022
250,휴식/힐링,드라이브여행,9,2022
258,레포츠,락클라이밍,8,2022
258,체험,국궁체험,8,2022
258,체험,전통놀이체험,8,2022
258,레포츠,서바이벌게임,8,2022
258,체험,담력체험,8,2022
258,체험,낚시체험,8,2022
258,체험,서핑체험,8,2022
265,기타,일출여행,7,2022
265,미식,먹부림여행,7,2022
265,체험,프리다이빙체험,7,2022
265,체험,카약체험,7,2022
265,체험,먹이주기체험,7,2022
265,기타,덕질여행,7,2022
265,체험,텃밭체험,7,2022
272,레포츠,숏스키,6,2022
272,체험,수확체험,6,2022
272,체험,향수체험,6,2022
272,레포츠,암벽등산,6,2022
272,레포츠,행글라이딩,6,2022
272,기타,열차여행,6,2022
272,레포츠,씨워킹,6,2022
272,체험,루지체험,6,2022
272,체험,요리체험,6,2022
272,레포츠,클레이사격,6,2022
282,체험,전통공예체험,5,2022
282,휴식/힐링,밀월여행,5,2022
282,레포츠,캠핑라이프,5,2022
282,체험,타종체험,5,2022
282,휴식/힐링,홈콕,5,2022
282,레포츠,산악오토바이,5,2022
282,체험,염색체험,5,2022
282,체험,해병대캠프,5,2022
290,기타,오지여행,4,2022
290,미식,먹거리투어,4,2022
290,체험,다이빙체험,4,2022
290,체험,닥터피쉬체험,4,2022
290,체험,클라이밍체험,4,2022
290,체험,야간시티투어,4,2022
290,체험,조종체험,4,2022
290,체험,커피체험,4,2022
290,휴식/힐링,홈핑,4,2022
299,체험,동굴체험,3,2022
299,체험,탁본체험,3,2022
299,체험,호텔체험,3,2022
299,휴식/힐링,차캉스,3,2022
299,체험,귤체험,3,2022
299,체험,동물먹이체험,3,2022
299,체험,산사체험,3,2022
299,체험,조개체험,3,2022
299,휴식/힐링,옥캉스,3,2022
299,레포츠,수상자전거,3,2022
299,레포츠,cmas,3,2022
299,체험,바티칸투어,3,2022
299,체험,보트체험,3,2022
299,체험,서바이벌체험,3,2022
299,체험,명상체험,3,2022
299,체험,가우디투어,3,2022
299,체험,어린이도자기체험,3,2022
316,체험,카트체험,2,2022
316,체험,달고나체험,2,2022
316,체험,목장체험,2,2022
316,레포츠,알빙,2,2022
316,레포츠,견지낚시,2,2022
316,체험,목공예체험,2,2022
316,체험,액티비티체험,2,2022
316,체험,천연염색체험,2,2022
316,체험,맨발체험,2,2022
316,체험,유리공예체험,2,2022
316,체험,바다체험,2,2022
316,체험,크루즈체험,2,2022
316,체험,귀신체험,2,2022
316,체험,박물관체험,2,2022
316,휴식/힐링,숙소콕,2,2022
331,기타,일몰여행,1,2022
331,체험,동물먹이주기체험,1,2022
331,휴식/힐링,눈꽃여행,1,2022
331,레포츠,웨이크보딩,1,2022
331,레포츠,줄낚시,1,2022
331,체험,마차체험,1,2022
331,레포츠,케이빙,1,2022
331,체험,수상레저체험,1,2022
331,체험,스쿠버체험,1,2022
331,휴식/힐링,홈크닉,1,2022
331,레포츠,naui,1,2022
331,체험,도서관체험,1,2022
331,체험,카누체험,1,2022
331,체험,다례체험,1,2022
331,체험,전주한옥마을체험,1,2022
331,휴식/힐링,방구석캠핑,1,2022
331,기타,순례여행,1,2022
331,레포츠,심해잠수,1,2022
331,체험,갯배체험,1,2022
331,체험,배낚시체험,1,2022
331,미식,먹거리여행,1,2022
331,체험,랜선체험,1,2022
331,체험,물놀이체험,1,2022
331,체험,양먹이주기체험,1,2022
331,레포츠,롤러스케이팅,1,2022
331,체험,해양레저체험,1,2022
331,레포츠,빙벽등반,1,2022
331,레포츠,스노우보딩,1,2022
331,체험,고택체험,1,2022
331,체험,어린이승마체험,1,2022
331,체험,치즈체험,1,2022
331,체험,해양체험,1,2022
331,기타,해돋이여행,1,2022
1,휴식/힐링,힐링,54030,2021
2,레포츠,빠지,41558,2021
3,기타,투어,16766,2021
4,휴식/힐링,나들이,16562,2021
5,휴식/힐링,호캉스,16372,2021
6,레포츠,등산,14414,2021
7,레포츠,캠핑,11801,2021
8,기타,데이트코스,8915,2021
9,레포츠,스키,7815,2021
10,기타,해외여행,7279,2021
11,미식,카페투어,6982,2021
12,레포츠,레저,5165,2021
13,휴식/힐링,휴양,4781,2021
14,미식,맛집탐방,4588,2021
15,휴식/힐링,피크닉,4547,2021
16,미식,먹부림,4364,2021
17,기타,부산여행,4006,2021
18,미식,맛집투어,3815,2021
19,휴식/힐링,테라피,3749,2021
20,레포츠,낚시,3407,2021
21,기타,답사,2789,2021
22,미식,애프터눈티,2697,2021
23,레포츠,서핑,2109,2021
24,휴식/힐링,신혼여행,1861,2021
25,레포츠,산행,1586,2021
26,미식,빵지순례,1574,2021
27,레포츠,차박,1539,2021
28,레포츠,글램핑,1476,2021
29,레포츠,클라이밍,1383,2021
30,휴식/힐링,불멍,1375,2021
31,휴식/힐링,즐길거리,1133,2021
32,기타,제주여행,1111,2021
33,휴식/힐링,재충전,1088,2021
34,미식,먹킷리스트,989,2021
35,기타,유럽여행,866,2021
36,휴식/힐링,허니문,811,2021
37,기타,제주도여행,786,2021
38,기타,일본여행,750,2021
39,체험,쿠킹클래스,742,2021
40,휴식/힐링,물멍,719,2021
41,기타,추억여행,623,2021
42,체험,수학여행,598,2021
43,레포츠,레포츠,585,2021
44,레포츠,오프로드,582,2021
45,레포츠,트레킹,576,2021
46,기타,세계여행,538,2021
47,레포츠,ssi,475,2021
48,레포츠,트래킹,473,2021
49,레포츠,스쿠버,441,2021
50,레포츠,스쿼시,437,2021
51,레포츠,하이킹,434,2021
52,레포츠,짚라인,416,2021
53,레포츠,애슬레저,404,2021
54,체험,템플스테이,391,2021
55,휴식/힐링,드라이브코스,382,2021
56,휴식/힐링,일광욕,356,2021
57,휴식/힐링,야영,350,2021
58,레포츠,수상스키,341,2021
59,레포츠,스케이트보드,330,2021
60,레포츠,스쿠버다이빙,326,2021
61,미식,빵투어,318,2021
62,레포츠,스노우보드,309,2021
63,미식,고기파티,300,2021
63,휴식/힐링,집콕생활,300,2021
65,미식,바베큐파티,293,2021
66,레포츠,골프투어,287,2021
67,레포츠,암벽등반,277,2021
68,레포츠,프리다이빙,273,2021
69,레포츠,수상레저,264,2021
70,휴식/힐링,우정여행,260,2021
71,레포츠,스킨스쿠버,250,2021
72,기타,미국여행,244,2021
72,레포츠,오토캠핑,244,2021
74,레포츠,감성캠핑,239,2021
75,기타,기차여행,238,2021
76,기타,배낭여행,234,2021
77,레포츠,백패킹,228,2021
78,휴식/힐링,단풍놀이,221,2021
79,휴식/힐링,힐링여행,217,2021
80,휴식/힐링,홈캉스,214,2021
81,레포츠,패러글라이딩,212,2021
82,레포츠,웨이크보드,211,2021
83,레포츠,카약,207,2021
83,휴식/힐링,스테이케이션,207,2021
83,레포츠,해양레저,207,2021
86,레포츠,캠핑족,194,2021
87,체험,시티투어,192,2021
88,레포츠,padi,190,2021
89,체험,생태체험,186,2021
90,휴식/힐링,워케이션,184,2021
91,체험,미술체험,168,2021
92,기타,자유여행,163,2021
93,휴식/힐링,겨울여행,156,2021
94,기타,데이트스냅,152,2021
95,체험,vr체험,148,2021
96,레포츠,골프여행,145,2021
97,레포츠,스노클링,141,2021
98,레포츠,번지점프,140,2021
98,휴식/힐링,펫캉스,140,2021
100,레포츠,캠프파이어,136,2021
101,레포츠,바다낚시,134,2021
102,레포츠,레저스포츠,132,2021
103,레포츠,루어낚시,131,2021
104,기타,중국여행,127,2021
105,레포츠,스노쿨링,122,2021
106,미식,먹방여행,121,2021
107,레포츠,스킨스쿠버다이빙,120,2021
108,휴식/힐링,홈캠핑,113,2021
109,휴식/힐링,차크닉,112,2021
110,기타,세계일주,110,2021
110,레포츠,오픈워터,110,2021
112,휴식/힐링,북캉스,109,2021
113,기타,도보여행,99,2021
113,휴식/힐링,가을여행,99,2021
115,체험,농촌체험,98,2021
116,레포츠,캠핑여행,96,2021
117,레포츠,게이트볼,94,2021
118,체험,갯벌체험,93,2021
118,휴식/힐링,요트투어,93,2021
118,레포츠,스카이다이빙,93,2021
121,기타,패키지여행,89,2021
121,레포츠,산악자전거,89,2021
123,미식,맥주파티,88,2021
123,휴식/힐링,노을뷰,88,2021
125,레포츠,제트스키,85,2021
125,체험,증강현실체험,85,2021
127,휴식/힐링,태교여행,74,2021
128,체험,향수만들기,71,2021
129,레포츠,수상스포츠,70,2021
130,레포츠,트레일러닝,69,2021
131,체험,물레체험,68,2021
132,휴식/힐링,즉흥여행,67,2021
133,체험,목공체험,66,2021
134,레포츠,노지캠핑,63,2021
135,기타,스탬프투어,62,2021
135,레포츠,아쿠아로빅,62,2021
137,기타,동남아여행,61,2021
137,휴식/힐링,숲캉스,61,2021
137,체험,한옥스테이,61,2021
140,레포츠,윈드서핑,60,2021
140,체험,숲체험,60,2021
142,미식,삼겹살파티,56,2021
143,체험,역사체험,54,2021
143,레포츠,패들보드,54,2021
145,기타,졸업여행,53,2021
146,휴식/힐링,생태관광,52,2021
147,레포츠,래프팅,51,2021
147,체험,공포체험,51,2021
149,기타,테마여행,50,2021
149,휴식/힐링,키캉스,50,2021
151,기타,자전거여행,49,2021
152,체험,버스투어,45,2021
152,휴식/힐링,바다멍,45,2021
154,레포츠,제트보트,43,2021
155,체험,승마체험,42,2021
155,휴식/힐링,호텔스테이,42,2021
155,레포츠,캠프닉,42,2021
158,미식,식도락여행,40,2021
158,체험,도자기체험,40,2021
158,체험,어촌체험,40,2021
161,휴식/힐링,모캉스,39,2021
161,체험,한옥체험,39,2021
163,레포츠,해양스포츠,38,2021
163,휴식/힐링,집캉스,38,2021
165,기타,워킹투어,37,2021
166,휴식/힐링,감성여행,36,2021
167,휴식/힐링,하늘멍,35,2021
167,휴식/힐링,몰캉스,35,2021
167,휴식/힐링,숲멍,35,2021
170,기타,역사여행,34,2021
171,레포츠,민물낚시,33,2021
172,레포츠,웨이크서핑,32,2021
172,체험,야경투어,32,2021
174,기타,걷기여행,31,2021
174,레포츠,바나나보트,31,2021
174,휴식/힐링,혼놀,31,2021
177,휴식/힐링,봄여행,30,2021
177,레포츠,캠핑라이프,30,2021
177,휴식/힐링,근교여행,30,2021
180,휴식/힐링,룸캉스,29,2021
181,레포츠,수상레져,28,2021
182,체험,도예체험,26,2021
183,체험,다도체험,22,2021
183,체험,한복체험,22,2021
185,레포츠,써핑,21,2021
185,휴식/힐링,시골여행,21,2021
187,미식,와인투어,20,2021
187,체험,공방체험,20,2021
187,기타,도시여행,20,2021
190,레포츠,카라반캠핑,19,2021
190,레포츠,낚시여행,19,2021
192,레포츠,bmx,17,2021
192,휴식/힐링,온천여행,17,2021
192,레포츠,해양레포츠,17,2021
192,레포츠,캠크닉,17,2021
196,기타,오지여행,16,2021
196,체험,공예체험,16,2021
196,휴식/힐링,벚꽃여행,16,2021
199,체험,택시투어,15,2021
199,레포츠,글라이더,15,2021
199,체험,요트체험,15,2021
199,휴식/힐링,촌캉스,15,2021
199,휴식/힐링,석양뷰,15,2021
204,레포츠,배스낚시,14,2021
205,레포츠,cmas,13,2021
205,레포츠,행글라이더,13,2021
205,휴식/힐링,한캉스,13,2021
205,레포츠,발야구,13,2021
205,레포츠,인공암벽등반,13,2021
210,체험,먹이주기체험,12,2021
210,기타,소싸움,12,2021
210,체험,수확체험,12,2021
210,레포츠,심해잠수,12,2021
210,레포츠,스키여행,12,2021
210,기타,자전거투어,12,2021
216,기타,기념여행,11,2021
216,체험,딸기체험,11,2021
216,체험,동물체험,11,2021
216,체험,곤충체험,11,2021
220,레포츠,패들보트,10,2021
220,체험,교복체험,10,2021
222,기타,청춘여행,9,2021
222,레포츠,스킨다이빙,9,2021
222,레포츠,원스키,9,2021
222,체험,국궁체험,9,2021
222,체험,농장체험,9,2021
222,레포츠,스노우보딩,9,2021
222,미식,빵집순례,9,2021
222,레포츠,락클라이밍,9,2021
222,레포츠,모토캠핑,9,2021
222,레포츠,버기카,9,2021
222,체험,요리체험,9,2021
222,체험,프리다이빙체험,9,2021
234,기타,야외취침,8,2021
234,미식,와이너리투어,8,2021
234,휴식/힐링,산멍,8,2021
234,휴식/힐링,크루즈여행,8,2021
234,기타,일본관광,8,2021
234,휴식/힐링,일출뷰,8,2021
234,체험,클라이밍체험,8,2021
234,휴식/힐링,책맥,8,2021
234,레포츠,클레이사격,8,2021
234,레포츠,페러글라이딩,8,2021
234,체험,낚시체험,8,2021
234,휴식/힐링,카캉스,8,2021
234,레포츠,플라이낚시,8,2021
234,체험,우주체험,8,2021
234,체험,명상체험,8,2021
234,체험,족욕체험,8,2021
250,체험,카트체험,7,2021
250,체험,해녀체험,7,2021
250,레포츠,인라인스케이팅,7,2021
250,휴식/힐링,홈콕,7,2021
250,체험,놀이체험,7,2021
250,체험,숙박체험,7,2021
250,휴식/힐링,파도멍,7,2021
250,체험,사격체험,7,2021
250,체험,카누체험,7,2021
250,기타,무전여행,7,2021
260,체험,악기체험,6,2021
260,휴식/힐링,구름멍,6,2021
260,휴식/힐링,낭만여행,6,2021
260,레포츠,서바이벌게임,6,2021
260,휴식/힐링,일몰뷰,6,2021
260,체험,호텔체험,6,2021
260,체험,담력체험,6,2021
260,휴식/힐링,홈크닉,6,2021
268,미식,먹거리여행,5,2021
268,체험,씨티투어,5,2021
268,체험,원예체험,5,2021
268,미식,미식체험,5,2021
268,체험,바티칸투어,5,2021
268,레포츠,행글라이딩,5,2021
268,레포츠,naui,5,2021
268,체험,농사체험,5,2021
268,레포츠,산악오토바이,5,2021
268,체험,감귤체험,5,2021
278,레포츠,패러세일링,4,2021
278,체험,향수체험,4,2021
278,기타,덕질여행,4,2021
278,기타,일출여행,4,2021
278,체험,텃밭체험,4,2021
283,레포츠,암벽등산,3,2021
283,체험,동굴체험,3,2021
283,체험,루지체험,3,2021
283,레포츠,골캉스,3,2021
283,레포츠,빙벽등반,3,2021
283,미식,먹부림여행,3,2021
283,체험,수상레저체험,3,2021
283,휴식/힐링,옥캉스,3,2021
283,휴식/힐링,집콕챌린지,3,2021
283,레포츠,수상자전거,3,2021
283,체험,가우디투어,3,2021
283,체험,어린이도자기체험,3,2021
283,체험,조향체험,3,2021
283,휴식/힐링,백캉스,3,2021
283,체험,서핑체험,3,2021
298,휴식/힐링,숙소콕,2,2021
298,휴식/힐링,방구석캠핑,2,2021
298,체험,목공예체험,2,2021
298,휴식/힐링,드라이브여행,2,2021
298,기타,순례여행,2,2021
298,레포츠,스노우쿨링,2,2021
298,체험,귀신체험,2,2021
298,체험,전통놀이체험,2,2021
298,휴식/힐링,홈핑,2,2021
298,체험,농가체험,2,2021
298,체험,목장체험,2,2021
298,레포츠,줄낚시,2,2021
298,체험,카약체험,2,2021
298,기타,해돋이여행,2,2021
312,체험,딸기수확체험,1,2021
312,체험,해병대캠프,1,2021
312,체험,보트체험,1,2021
312,체험,활쏘기체험,1,2021
312,기타,열차여행,1,2021
312,레포츠,씨워킹,1,2021
312,레포츠,알빙,1,2021
312,체험,다이빙체험,1,2021
312,체험,바다체험,1,2021
312,체험,바지락체험,1,2021
312,레포츠,숏스키,1,2021
312,체험,다례체험,1,2021
312,체험,천연염색체험,1,2021
312,체험,치즈체험,1,2021
312,체험,타종체험,1,2021
312,레포츠,블롭점프,1,2021
312,체험,맨발체험,1,2021
312,체험,전통공예체험,1,2021
312,체험,패러글라이딩체험,1,2021
312,레포츠,바이크캠핑,1,2021
312,체험,배낚시체험,1,2021
312,체험,염색체험,1,2021
312,휴식/힐링,옥터파크,1,2021
312,휴식/힐링,황제관광,1,2021
312,레포츠,견지낚시,1,2021
312,체험,랜선체험,1,2021
312,체험,말타기체험,1,2021
312,휴식/힐링,밀월여행,1,2021
312,레포츠,암벽산행,1,2021
312,미식,먹거리투어,1,2021
312,체험,산사체험,1,2021
312,체험,해루질체험,1,2021
312,체험,달고나체험,1,2021
312,체험,동물먹이체험,1,2021
312,체험,매듭공예체험,1,2021
312,체험,커피체험,1,2021
312,체험,고택체험,1,2021
312,체험,귤체험,1,2021
312,체험,낙타체험,1,2021
312,체험,오프로드체험,1,2021
312,체험,조종체험,1,2021
312,체험,해양체험,1,2021
312,레포츠,rving,1,2021
312,레포츠,실내스키,1,2021
312,체험,닥터피쉬체험,1,2021
312,체험,탁본체험,1,2021
312,휴식/힐링,눈꽃여행,1,2021
312,휴식/힐링,차캉스,1,2021
1,휴식/힐링,힐링,58947,2020
2,레포츠,빠지,53640,2020
3,기타,투어,23359,2020
4,휴식/힐링,나들이,19078,2020
5,레포츠,캠핑,15625,2020
6,휴식/힐링,호캉스,13052,2020
7,기타,데이트코스,12053,2020
8,레포츠,등산,10869,2020
9,휴식/힐링,테라피,9360,2020
10,레포츠,스키,9227,2020
11,미식,카페투어,8765,2020
12,기타,해외여행,8392,2020
13,미식,맛집탐방,6136,2020
14,기타,부산여행,5829,2020
15,레포츠,낚시,5178,2020
16,미식,먹부림,5013,2020
17,레포츠,레저,4829,2020
18,휴식/힐링,휴양,4122,2020
19,휴식/힐링,피크닉,3991,2020
20,미식,맛집투어,3431,2020
21,기타,답사,3362,2020
22,휴식/힐링,신혼여행,3046,2020
23,기타,제주여행,2737,2020
24,레포츠,서핑,2542,2020
25,미식,애프터눈티,2037,2020
26,레포츠,산행,1976,2020
27,레포츠,글램핑,1801,2020
28,레포츠,오프로드,1397,2020
29,휴식/힐링,즐길거리,1386,2020
30,휴식/힐링,재충전,1346,2020
31,기타,유럽여행,1306,2020
32,기타,제주도여행,1111,2020
33,미식,빵지순례,1104,2020
34,기타,일본여행,1031,2020
35,미식,먹킷리스트,850,2020
36,레포츠,클라이밍,825,2020
37,체험,쿠킹클래스,821,2020
38,레포츠,트레킹,730,2020
39,체험,향수만들기,718,2020
40,레포츠,수상스키,686,2020
41,기타,자유여행,681,2020
42,휴식/힐링,허니문,666,2020
43,레포츠,차박,657,2020
44,기타,추억여행,641,2020
45,미식,바베큐파티,617,2020
46,레포츠,스쿼시,586,2020
47,기타,세계여행,576,2020
48,휴식/힐링,온천여행,539,2020
49,레포츠,트래킹,534,2020
50,레포츠,레포츠,524,2020
51,레포츠,원스키,502,2020
52,휴식/힐링,불멍,488,2020
53,미식,고기파티,476,2020
54,체험,수학여행,471,2020
55,휴식/힐링,드라이브코스,456,2020
56,휴식/힐링,집콕생활,448,2020
57,체험,조향체험,426,2020
58,레포츠,하이킹,415,2020
59,휴식/힐링,일광욕,412,2020
60,휴식/힐링,야영,403,2020
61,기타,데이트스냅,401,2020
62,레포츠,스노우보드,374,2020
63,레포츠,스쿠버,371,2020
64,레포츠,수상레저,361,2020
65,기타,배낭여행,358,2020
66,레포츠,바다낚시,351,2020
67,기타,기차여행,344,2020
68,기타,미국여행,332,2020
69,레포츠,백패킹,330,2020
70,휴식/힐링,힐링여행,321,2020
71,체험,시티투어,317,2020
72,체험,템플스테이,293,2020
73,휴식/힐링,홈캉스,284,2020
74,휴식/힐링,단풍놀이,279,2020
75,레포츠,루어낚시,267,2020
76,레포츠,패러글라이딩,258,2020
77,레포츠,스쿠버다이빙,255,2020
78,레포츠,프리다이빙,247,2020
79,레포츠,카약,235,2020
80,미식,빵투어,223,2020
81,레포츠,ssi,222,2020
81,휴식/힐링,스테이케이션,222,2020
83,기타,중국여행,220,2020
84,레포츠,애슬레저,209,2020
85,레포츠,골프여행,207,2020
86,레포츠,스케이트보드,202,2020
86,레포츠,스킨스쿠버,202,2020
88,기타,패키지여행,195,2020
89,레포츠,해양레저,193,2020
90,레포츠,캠프파이어,189,2020
90,휴식/힐링,가을여행,189,2020
90,휴식/힐링,겨울여행,189,2020
93,체험,vr체험,187,2020
94,레포츠,골프투어,181,2020
95,레포츠,오토캠핑,180,2020
95,휴식/힐링,우정여행,180,2020
97,미식,먹방여행,179,2020
98,레포츠,스카이다이빙,158,2020
99,체험,생태체험,156,2020
100,기타,세계일주,155,2020
101,레포츠,캠핑족,150,2020
102,레포츠,레저스포츠,149,2020
103,레포츠,게이트볼,147,2020
103,레포츠,산악자전거,147,2020
105,레포츠,짚라인,144,2020
106,레포츠,암벽등반,143,2020
107,레포츠,번지점프,140,2020
108,레포츠,제트스키,132,2020
109,레포츠,감성캠핑,130,2020
110,레포츠,웨이크보드,129,2020
111,휴식/힐링,요트투어,122,2020
112,레포츠,스노클링,118,2020
113,휴식/힐링,북캉스,113,2020
114,기타,졸업여행,111,2020
115,미식,맥주파티,110,2020
116,레포츠,아쿠아로빅,107,2020
117,미식,식도락여행,100,2020
118,기타,도보여행,97,2020
119,기타,걷기여행,91,2020
120,레포츠,트레일러닝,88,2020
121,레포츠,스노쿨링,87,2020
122,기타,테마여행,84,2020
122,휴식/힐링,태교여행,84,2020
124,레포츠,padi,82,2020
125,체험,가죽공예체험,80,2020
126,레포츠,인라인스케이팅,78,2020
127,레포츠,수상레져,77,2020
127,미식,삼겹살파티,77,2020
129,레포츠,패들보드,73,2020
129,휴식/힐링,감성여행,73,2020
131,레포츠,윈드서핑,70,2020
131,휴식/힐링,물멍,70,2020
133,체험,미술체험,69,2020
134,기타,자전거여행,65,2020
135,휴식/힐링,몰캉스,64,2020
136,휴식/힐링,홈캠핑,63,2020
137,체험,공포체험,61,2020
137,체험,농촌체험,61,2020
139,체험,버스투어,59,2020
140,체험,숲체험,58,2020
141,레포츠,해양스포츠,57,2020
141,휴식/힐링,펫캉스,57,2020
143,체험,승마체험,55,2020
143,휴식/힐링,즉흥여행,55,2020
145,기타,동남아여행,53,2020
145,기타,워킹투어,53,2020
147,체험,갯벌체험,52,2020
147,휴식/힐링,벚꽃여행,52,2020
149,레포츠,래프팅,51,2020
150,휴식/힐링,키캉스,50,2020
150,휴식/힐링,호텔스테이,50,2020
152,체험,공방체험,48,2020
153,체험,공예체험,46,2020
153,휴식/힐링,집캉스,46,2020
155,레포츠,수상스포츠,45,2020
155,레포츠,캠프닉,45,2020
157,레포츠,오픈워터,44,2020
158,휴식/힐링,근교여행,43,2020
158,휴식/힐링,워케이션,43,2020
160,체험,야경투어,42,2020
161,레포츠,바나나보트,41,2020
161,레포츠,웨이크서핑,41,2020
163,체험,다도체험,40,2020
163,체험,곤충체험,40,2020
165,체험,도자기체험,38,2020
165,휴식/힐링,노을뷰,38,2020
167,체험,한옥체험,37,2020
168,체험,물레체험,36,2020
169,기타,스탬프투어,33,2020
169,기타,역사여행,33,2020
169,체험,딸기체험,33,2020
169,휴식/힐링,생태관광,33,2020
173,기타,소싸움,32,2020
173,체험,한복체험,32,2020
175,체험,어촌체험,31,2020
176,레포츠,낚시여행,30,2020
177,레포츠,스킨스쿠버다이빙,29,2020
177,체험,역사체험,29,2020
177,체험,한옥스테이,29,2020
177,기타,도시여행,29,2020
181,레포츠,해양레포츠,28,2020
181,체험,낚시체험,28,2020
181,체험,치즈체험,28,2020
184,체험,수확체험,26,2020
184,체험,원예체험,26,2020
184,휴식/힐링,봄여행,26,2020
184,휴식/힐링,카캉스,26,2020
188,휴식/힐링,모캉스,25,2020
188,체험,가우디투어,25,2020
188,기타,오지여행,25,2020
191,레포츠,캠핑여행,24,2020
192,체험,택시투어,23,2020
192,레포츠,노지캠핑,23,2020
194,기타,일본관광,21,2020
194,레포츠,민물낚시,21,2020
196,레포츠,써핑,20,2020
197,휴식/힐링,크루즈여행,19,2020
197,휴식/힐링,숲캉스,19,2020
197,휴식/힐링,홈핑,19,2020
200,레포츠,배스낚시,18,2020
200,레포츠,스키여행,18,2020
200,레포츠,제트보트,18,2020
200,체험,족욕체험,18,2020
200,휴식/힐링,차크닉,18,2020
205,레포츠,카라반캠핑,17,2020
205,레포츠,bmx,17,2020
207,휴식/힐링,방구석캠핑,16,2020
208,레포츠,글라이더,15,2020
209,체험,도예체험,14,2020
209,체험,동물체험,14,2020
211,레포츠,스킨다이빙,13,2020
211,미식,먹거리투어,13,2020
213,레포츠,모토캠핑,12,2020
213,레포츠,페러글라이딩,12,2020
215,체험,텃밭체험,11,2020
215,레포츠,행글라이더,11,2020
215,기타,무전여행,11,2020
215,휴식/힐링,밀월여행,11,2020
219,레포츠,서바이벌게임,10,2020
219,레포츠,암벽등산,10,2020
219,레포츠,패러세일링,10,2020
219,미식,빵집순례,10,2020
219,체험,농장체험,10,2020
219,체험,블루베리체험,10,2020
219,휴식/힐링,시골여행,10,2020
219,휴식/힐링,책맥,10,2020
219,휴식/힐링,홈콕,10,2020
228,레포츠,알빙,9,2020
228,체험,교복체험,9,2020
228,체험,먹이주기체험,9,2020
228,체험,요트체험,9,2020
228,휴식/힐링,낭만여행,9,2020
228,체험,감귤체험,9,2020
228,휴식/힐링,석양뷰,9,2020
228,레포츠,블롭점프,9,2020
236,기타,열차여행,8,2020
236,레포츠,클레이사격,8,2020
236,레포츠,패들보트,8,2020
236,체험,목공예체험,8,2020
236,체험,염색체험,8,2020
236,레포츠,스노우쿨링,8,2020
236,레포츠,naui,8,2020
243,기타,자전거투어,7,2020
243,미식,와이너리투어,7,2020
243,체험,카트체험,7,2020
243,레포츠,행글라이딩,7,2020
243,휴식/힐링,혼놀,7,2020
243,휴식/힐링,드라이브여행,7,2020
243,휴식/힐링,일몰뷰,7,2020
243,휴식/힐링,백캉스,7,2020
251,기타,기념여행,6,2020
251,레포츠,씨워킹,6,2020
251,미식,와인투어,6,2020
251,체험,놀이체험,6,2020
251,체험,수상레저체험,6,2020
251,체험,숙박체험,6,2020
251,미식,먹거리여행,6,2020
251,레포츠,발야구,6,2020
251,휴식/힐링,바다멍,6,2020
251,휴식/힐링,농촌여행,6,2020
251,휴식/힐링,집콕챌린지,6,2020
262,기타,일출여행,5,2020
262,기타,청춘여행,5,2020
262,미식,미식체험,5,2020
262,체험,목공체험,5,2020
262,체험,바다체험,5,2020
262,체험,악기체험,5,2020
262,체험,전통공예체험,5,2020
262,레포츠,스노우보딩,5,2020
262,체험,사격체험,5,2020
262,체험,요리체험,5,2020
262,체험,호텔체험,5,2020
262,레포츠,bsac,5,2020
262,체험,향수체험,5,2020
262,레포츠,캠핑라이프,5,2020
262,체험,서핑체험,5,2020
262,체험,우주체험,5,2020
278,체험,박물관체험,4,2020
278,체험,씨티투어,4,2020
278,레포츠,cmas,4,2020
278,체험,해양체험,4,2020
278,체험,해병대캠프,4,2020
278,휴식/힐링,룸캉스,4,2020
278,휴식/힐링,파도멍,4,2020
285,기타,순례여행,3,2020
285,레포츠,빙벽등반,3,2020
285,레포츠,숏스키,3,2020
285,체험,동물먹이주기체험,3,2020
285,체험,전통놀이체험,3,2020
285,체험,차문화체험,3,2020
285,체험,카약체험,3,2020
285,체험,커피체험,3,2020
285,휴식/힐링,일출뷰,3,2020
285,휴식/힐링,한캉스,3,2020
285,휴식/힐링,황제관광,3,2020
285,레포츠,락클라이밍,3,2020
285,체험,딸기수확체험,3,2020
285,체험,어린이도자기체험,3,2020
285,체험,카누체험,3,2020
285,기타,덕질여행,3,2020
285,체험,농사체험,3,2020
285,체험,동굴체험,3,2020
285,기타,야외취침,3,2020
285,체험,고택체험,3,2020
285,체험,목장체험,3,2020
285,레포츠,산악오토바이,3,2020
285,레포츠,아웃도어액티비티,3,2020
308,레포츠,rving,2,2020
308,레포츠,견지낚시,2,2020
308,레포츠,인공암벽등반,2,2020
308,체험,보트체험,2,2020
308,체험,야간시티투어,2,2020
308,체험,한방족욕체험,2,2020
308,체험,해양레저체험,2,2020
308,체험,달고나체험,2,2020
308,체험,명상체험,2,2020
308,휴식/힐링,눈꽃여행,2,2020
308,레포츠,버기카,2,2020
308,휴식/힐링,크캉스,2,2020
308,체험,귀신체험,2,2020
308,체험,해녀체험,2,2020
308,휴식/힐링,홈크닉,2,2020
308,레포츠,수상자전거,2,2020
308,레포츠,실내스키,2,2020
308,체험,귤체험,2,2020
308,레포츠,골캉스,2,2020
308,체험,프리다이빙체험,2,2020
308,휴식/힐링,산멍,2,2020
308,레포츠,플라이낚시,2,2020
308,휴식/힐링,숲멍,2,2020
308,휴식/힐링,숙소콕,2,2020
332,기타,해돋이여행,1,2020
332,레포츠,심해잠수,1,2020
332,체험,바티칸투어,1,2020
332,체험,천연염색체험,1,2020
332,체험,한복입기체험,1,2020
332,레포츠,롤러스케이팅,1,2020
332,체험,건초주기체험,1,2020
332,체험,동물먹이체험,1,2020
332,체험,증강현실체험,1,2020
332,체험,국궁체험,1,2020
332,체험,지게체험,1,2020
332,기타,일몰여행,1,2020
332,체험,기모노체험,1,2020
332,체험,어린이승마체험,1,2020
332,체험,전통의상체험,1,2020
332,휴식/힐링,하늘멍,1,2020
332,체험,다례체험,1,2020
332,체험,닥터피쉬체험,1,2020
332,체험,클라이밍체험,1,2020
332,체험,바지락체험,1,2020
332,체험,랜선체험,1,2020
332,체험,유리공예체험,1,2020
332,레포츠,바이크캠핑,1,2020
332,레포츠,롱스키,1,2020
332,체험,농가체험,1,2020
332,체험,탁본체험,1,2020
332,체험,패러글라이딩체험,1,2020
332,체험,갯배체험,1,2020
1,휴식/힐링,힐링,75105,2019
2,레포츠,빠지,66347,2019
3,기타,투어,44759,2019
4,레포츠,캠핑,27496,2019
5,휴식/힐링,나들이,22854,2019
6,휴식/힐링,테라피,18535,2019
7,기타,데이트코스,17135,2019
8,미식,카페투어,11079,2019
9,레포츠,등산,10775,2019
10,휴식/힐링,호캉스,10198,2019
11,미식,맛집탐방,9941,2019
12,기타,해외여행,8725,2019
13,레포츠,스키,8330,2019
14,레포츠,낚시,8323,2019
15,휴식/힐링,휴양,6320,2019
16,레포츠,오프로드,5876,2019
17,레포츠,레저,5520,2019
18,미식,먹부림,5195,2019
19,휴식/힐링,즐길거리,5043,2019
20,미식,맛집투어,4980,2019
21,휴식/힐링,신혼여행,4208,2019
22,기타,부산여행,4136,2019
23,휴식/힐링,피크닉,3506,2019
24,기타,답사,3482,2019
25,기타,일본여행,2255,2019
26,기타,제주도여행,2236,2019
27,기타,유럽여행,2104,2019
28,레포츠,산행,2081,2019
29,레포츠,서핑,1977,2019
30,기타,자유여행,1930,2019
31,기타,제주여행,1466,2019
32,휴식/힐링,재충전,1398,2019
33,휴식/힐링,허니문,1302,2019
34,체험,쿠킹클래스,1201,2019
35,레포츠,클라이밍,1192,2019
36,체험,수학여행,1165,2019
37,미식,애프터눈티,1097,2019
38,레포츠,트레킹,1063,2019
39,기타,세계여행,969,2019
40,레포츠,바다낚시,950,2019
41,기타,중국여행,882,2019
42,휴식/힐링,겨울여행,825,2019
43,휴식/힐링,야영,811,2019
44,레포츠,글램핑,807,2019
45,기타,배낭여행,793,2019
46,레포츠,레포츠,785,2019
47,미식,빵지순례,760,2019
48,기타,기차여행,741,2019
49,레포츠,스쿠버,708,2019
50,미식,먹킷리스트,684,2019
51,체험,vr체험,615,2019
52,체험,시티투어,588,2019
53,미식,바베큐파티,575,2019
54,휴식/힐링,가을여행,562,2019
55,레포츠,스쿼시,537,2019
56,레포츠,수상레저,536,2019
57,레포츠,스킨스쿠버,520,2019
58,휴식/힐링,힐링여행,500,2019
59,레포츠,백패킹,486,2019
60,레포츠,스쿠버다이빙,478,2019
61,미식,먹방여행,464,2019
62,기타,추억여행,459,2019
63,레포츠,트래킹,451,2019
64,레포츠,수상스키,445,2019
65,기타,세계일주,425,2019
66,레포츠,웨이크보드,423,2019
67,미식,고기파티,408,2019
68,체험,템플스테이,402,2019
69,기타,미국여행,388,2019
69,레포츠,스노우보드,388,2019
71,휴식/힐링,봄여행,385,2019
72,기타,패키지여행,384,2019
73,휴식/힐링,우정여행,360,2019
74,휴식/힐링,일광욕,355,2019
75,기타,동남아여행,332,2019
76,휴식/힐링,감성여행,329,2019
77,레포츠,ssi,328,2019
78,미식,빵투어,326,2019
79,레포츠,암벽등반,318,2019
80,레포츠,하이킹,309,2019
81,기타,자전거여행,300,2019
82,레포츠,민물낚시,296,2019
83,기타,데이트스냅,295,2019
84,체험,향수만들기,294,2019
85,레포츠,스케이트보드,291,2019
86,레포츠,윈드서핑,284,2019
87,레포츠,레저스포츠,269,2019
88,레포츠,래프팅,256,2019
89,레포츠,애슬레저,255,2019
90,레포츠,차박,246,2019
91,휴식/힐링,단풍놀이,245,2019
92,레포츠,오픈워터,241,2019
92,레포츠,카약,241,2019
94,레포츠,오토캠핑,239,2019
95,레포츠,패러글라이딩,234,2019
96,레포츠,제트스키,224,2019
97,레포츠,루어낚시,215,2019
98,레포츠,게이트볼,212,2019
99,휴식/힐링,드라이브코스,205,2019
100,레포츠,프리다이빙,204,2019
101,휴식/힐링,태교여행,203,2019
102,레포츠,골프여행,199,2019
103,레포츠,산악자전거,196,2019
104,체험,생태체험,195,2019
105,레포츠,스노쿨링,192,2019
106,기타,졸업여행,189,2019
107,레포츠,골프투어,188,2019
108,레포츠,짚라인,181,2019
109,휴식/힐링,스테이케이션,173,2019
110,레포츠,스카이다이빙,163,2019
111,레포츠,해양레저,160,2019
112,레포츠,인라인스케이팅,158,2019
113,레포츠,원스키,157,2019
114,휴식/힐링,크루즈여행,156,2019
114,레포츠,번지점프,156,2019
116,체험,갯벌체험,153,2019
117,기타,테마여행,145,2019
118,레포츠,스노클링,139,2019
119,레포츠,스킨스쿠버다이빙,136,2019
120,체험,도자기체험,133,2019
121,기타,도보여행,126,2019
122,레포츠,수상레져,125,2019
122,미식,맥주파티,125,2019
124,체험,버스투어,123,2019
125,휴식/힐링,홈캉스,122,2019
126,체험,한옥스테이,120,2019
127,휴식/힐링,요트투어,119,2019
128,휴식/힐링,즉흥여행,114,2019
129,체험,공포체험,113,2019
130,레포츠,캠프파이어,112,2019
131,레포츠,padi,110,2019
132,체험,숲체험,106,2019
132,레포츠,웨이크서핑,106,2019
134,체험,역사체험,104,2019
135,체험,농촌체험,101,2019
136,휴식/힐링,온천여행,97,2019
137,레포츠,배스낚시,96,2019
138,레포츠,수상스포츠,94,2019
139,체험,블루베리체험,93,2019
140,체험,곤충체험,91,2019
141,레포츠,캠핑족,83,2019
142,기타,걷기여행,80,2019
143,레포츠,감성캠핑,76,2019
144,기타,스탬프투어,75,2019
145,체험,야경투어,72,2019
146,레포츠,해양스포츠,71,2019
147,휴식/힐링,호텔스테이,70,2019
148,체험,승마체험,69,2019
148,휴식/힐링,키캉스,69,2019
150,휴식/힐링,불멍,68,2019
151,기타,일본관광,67,2019
151,레포츠,바나나보트,67,2019
153,기타,워킹투어,65,2019
153,체험,물레체험,65,2019
153,휴식/힐링,생태관광,65,2019
156,휴식/힐링,북캉스,63,2019
157,미식,식도락여행,60,2019
158,휴식/힐링,근교여행,58,2019
158,체험,한복체험,58,2019
158,체험,조향체험,58,2019
161,휴식/힐링,펫캉스,57,2019
162,레포츠,아쿠아로빅,56,2019
163,미식,삼겹살파티,55,2019
163,휴식/힐링,혼놀,55,2019
163,레포츠,패들보드,55,2019
166,휴식/힐링,책맥,51,2019
167,체험,원예체험,49,2019
167,기타,역사여행,49,2019
169,체험,도예체험,48,2019
169,체험,택시투어,48,2019
171,휴식/힐링,집캉스,47,2019
171,미식,미식체험,47,2019
173,기타,도시여행,44,2019
174,레포츠,트레일러닝,43,2019
175,레포츠,bmx,42,2019
175,체험,어촌체험,42,2019
177,휴식/힐링,농촌여행,40,2019
178,체험,딸기체험,39,2019
178,체험,감귤체험,39,2019
178,휴식/힐링,몰캉스,39,2019
181,레포츠,캠핑여행,38,2019
182,휴식/힐링,카캉스,37,2019
182,체험,놀이체험,37,2019
184,체험,한옥체험,36,2019
184,레포츠,제트보트,36,2019
186,휴식/힐링,벚꽃여행,35,2019
187,휴식/힐링,낭만여행,34,2019
187,레포츠,써핑,34,2019
189,기타,소싸움,33,2019
189,레포츠,해양레포츠,33,2019
191,체험,악기체험,32,2019
192,체험,낚시체험,31,2019
193,기타,열차여행,30,2019
193,체험,미술체험,30,2019
195,체험,목공체험,29,2019
195,체험,수확체험,29,2019
197,체험,농장체험,28,2019
198,체험,교복체험,27,2019
198,레포츠,스키여행,27,2019
198,체험,다도체험,27,2019
201,레포츠,글라이더,26,2019
201,체험,공방체험,26,2019
203,휴식/힐링,황제관광,25,2019
203,체험,동물체험,25,2019
205,레포츠,서바이벌게임,24,2019
206,체험,우주체험,23,2019
207,휴식/힐링,노을뷰,22,2019
207,레포츠,스킨다이빙,22,2019
209,체험,요트체험,21,2019
209,체험,족욕체험,21,2019
211,레포츠,실내스키,20,2019
211,체험,공예체험,20,2019
211,체험,다례체험,20,2019
211,휴식/힐링,백캉스,20,2019
215,체험,씨티투어,19,2019
215,휴식/힐링,시골여행,19,2019
215,레포츠,패들보트,19,2019
218,레포츠,발야구,18,2019
219,미식,빵집순례,17,2019
219,체험,전통놀이체험,17,2019
219,미식,와인투어,17,2019
222,레포츠,패러세일링,16,2019
223,레포츠,블롭점프,15,2019
223,레포츠,씨워킹,15,2019
223,레포츠,클레이사격,15,2019
223,체험,요리체험,15,2019
223,체험,숙박체험,15,2019
223,휴식/힐링,홈캠핑,15,2019
229,기타,청춘여행,14,2019
229,레포츠,빙벽등반,14,2019
229,체험,천연염색체험,14,2019
229,레포츠,페러글라이딩,14,2019
233,미식,와이너리투어,13,2019
233,기타,일출여행,13,2019
233,기타,기념여행,13,2019
233,체험,야간시티투어,13,2019
233,휴식/힐링,모캉스,13,2019
233,체험,가우디투어,13,2019
233,레포츠,버기카,13,2019
233,체험,텃밭체험,13,2019
233,레포츠,알빙,13,2019
242,휴식/힐링,물멍,12,2019
242,체험,카트체험,12,2019
244,미식,먹부림여행,11,2019
244,레포츠,숏스키,11,2019
244,레포츠,cmas,11,2019
244,레포츠,노지캠핑,11,2019
248,체험,커피체험,10,2019
248,기타,무전여행,10,2019
248,체험,닥터피쉬체험,10,2019
248,레포츠,수상자전거,10,2019
252,레포츠,낚시여행,9,2019
253,휴식/힐링,눈꽃여행,8,2019
253,기타,자전거투어,8,2019
253,체험,카약체험,8,2019
253,기타,오지여행,8,2019
253,레포츠,스노우보딩,8,2019
253,기타,야외취침,8,2019
253,레포츠,행글라이더,8,2019
260,체험,담력체험,7,2019
260,체험,목공예체험,7,2019
260,미식,먹거리투어,7,2019
260,체험,민속놀이체험,7,2019
260,레포츠,스노우쿨링,7,2019
260,레포츠,rving,7,2019
260,레포츠,캠프닉,7,2019
260,체험,사격체험,7,2019
260,레포츠,캠핑라이프,7,2019
260,휴식/힐링,홈핑,7,2019
260,체험,국궁체험,7,2019
271,기타,해돋이여행,6,2019
271,레포츠,산악오토바이,6,2019
271,체험,어린이도자기체험,6,2019
271,미식,먹거리여행,6,2019
271,체험,탁본체험,6,2019
271,레포츠,줄낚시,6,2019
271,레포츠,카라반캠핑,6,2019
271,체험,치즈체험,6,2019
271,체험,바다체험,6,2019
280,체험,기모노체험,5,2019
280,체험,루지체험,5,2019
280,기타,순례여행,5,2019
280,휴식/힐링,드라이브여행,5,2019
280,체험,수상레저체험,5,2019
280,휴식/힐링,허니문투어,5,2019
280,체험,먹이주기체험,5,2019
280,체험,염색체험,5,2019
280,체험,고택체험,5,2019
289,체험,전통의상체험,4,2019
289,체험,해양체험,4,2019
289,체험,농사체험,4,2019
289,체험,목장체험,4,2019
289,휴식/힐링,숲캉스,4,2019
294,체험,동물먹이주기체험,3,2019
294,휴식/힐링,일몰뷰,3,2019
294,레포츠,견지낚시,3,2019
294,레포츠,심해잠수,3,2019
294,체험,농가체험,3,2019
294,체험,카누체험,3,2019
294,레포츠,naui,3,2019
294,체험,해양레저체험,3,2019
294,체험,보트체험,3,2019
294,휴식/힐링,한캉스,3,2019
294,체험,바티칸투어,3,2019
305,체험,동굴체험,2,2019
305,체험,한옥숙박체험,2,2019
305,체험,동아리체험,2,2019
305,휴식/힐링,밀월여행,2,2019
305,기타,일출투어,2,2019
305,체험,동물먹이체험,2,2019
305,체험,산사체험,2,2019
305,기타,일몰여행,2,2019
305,체험,차문화체험,2,2019
305,휴식/힐링,워케이션,2,2019
305,체험,낙타체험,2,2019
305,체험,타종체험,2,2019
305,레포츠,락클라이밍,2,2019
305,휴식/힐링,석양뷰,2,2019
305,레포츠,인공암벽등반,2,2019
305,체험,비행시뮬레이션,2,2019
305,체험,어린이승마체험,2,2019
305,체험,가죽공예체험,2,2019
305,체험,클라이밍체험,2,2019
305,레포츠,행글라이딩,2,2019
305,체험,서핑체험,2,2019
305,휴식/힐링,산멍,2,2019
305,체험,해녀체험,2,2019
305,레포츠,암벽등산,2,2019
305,레포츠,bsac,2,2019
305,체험,전통공예체험,2,2019
305,체험,전쟁체험,2,2019
305,휴식/힐링,하늘멍,2,2019
305,레포츠,모토캠핑,2,2019
305,체험,호텔체험,2,2019
305,기타,덕질여행,2,2019
336,체험,스쿠버다이빙체험,1,2019
336,체험,갯배체험,1,2019
336,체험,맨발체험,1,2019
336,체험,배낚시체험,1,2019
336,레포츠,플라이낚시,1,2019
336,체험,유리공예체험,1,2019
336,휴식/힐링,차캉스,1,2019
336,레포츠,아웃도어액티비티,1,2019
336,체험,전주한옥마을체험,1,2019
336,체험,커피족욕체험,1,2019
336,체험,달고나체험,1,2019
336,체험,말타기체험,1,2019
336,체험,산림문화체험,1,2019
336,체험,바지락체험,1,2019
336,체험,박물관체험,1,2019
336,체험,귀신체험,1,2019
336,휴식/힐링,옥캉스,1,2019
336,체험,패러글라이딩체험,1,2019
336,체험,조종체험,1,2019
336,레포츠,마운틴보드,1,2019
336,체험,조개체험,1,2019
336,체험,해병대캠프,1,2019
336,체험,달팽이체험,1,2019
336,레포츠,도지볼,1,2019
336,체험,선상낚시체험,1,2019
336,체험,전통혼례체험,1,2019
336,레포츠,바이크캠핑,1,2019
336,체험,바다낚시체험,1,2019
336,체험,액티비티체험,1,2019
336,체험,물놀이체험,1,2019
336,체험,새먹이체험,1,2019
336,체험,카라반체험,1,2019
1,레포츠,빠지,37013,2018
2,휴식/힐링,힐링,36885,2018
3,기타,투어,25991,2018
4,레포츠,캠핑,20027,2018
5,미식,맛집탐방,18442,2018
6,휴식/힐링,나들이,17052,2018
7,기타,데이트코스,11001,2018
8,기타,제주여행,8496,2018
9,레포츠,등산,8394,2018
10,기타,제주도여행,8252,2018
11,기타,해외여행,6408,2018
12,레포츠,스키,5968,2018
13,미식,먹부림,5578,2018
14,레포츠,레저,4510,2018
15,휴식/힐링,휴양,4201,2018
16,휴식/힐링,호캉스,3938,2018
17,휴식/힐링,신혼여행,3855,2018
18,휴식/힐링,테라피,3767,2018
19,미식,카페투어,3763,2018
20,미식,맛집투어,3464,2018
21,기타,답사,3233,2018
22,레포츠,낚시,3140,2018
23,레포츠,오프로드,3065,2018
24,기타,부산여행,2485,2018
25,휴식/힐링,피크닉,2423,2018
26,휴식/힐링,허니문,2040,2018
27,기타,일본여행,1955,2018
28,체험,쿠킹클래스,1899,2018
29,레포츠,산행,1842,2018
30,휴식/힐링,즐길거리,1839,2018
31,레포츠,서핑,1739,2018
32,기타,자유여행,1524,2018
33,휴식/힐링,재충전,1346,2018
34,기타,세계여행,1177,2018
35,기타,유럽여행,1131,2018
36,레포츠,트래킹,939,2018
37,미식,바베큐파티,914,2018
38,휴식/힐링,가을여행,794,2018
39,미식,애프터눈티,716,2018
40,레포츠,트레킹,657,2018
41,미식,빵지순례,641,2018
42,레포츠,클라이밍,634,2018
43,체험,vr체험,607,2018
44,체험,수학여행,586,2018
45,레포츠,글램핑,551,2018
46,기타,배낭여행,539,2018
47,휴식/힐링,야영,535,2018
48,레포츠,레포츠,465,2018
49,레포츠,수상레저,417,2018
50,기타,미국여행,384,2018
50,휴식/힐링,힐링여행,384,2018
52,레포츠,스쿠버,379,2018
53,레포츠,암벽등반,373,2018
54,미식,고기파티,368,2018
55,체험,템플스테이,367,2018
56,기타,중국여행,365,2018
57,휴식/힐링,일광욕,339,2018
57,휴식/힐링,우정여행,339,2018
59,기타,기차여행,334,2018
60,미식,빵투어,333,2018
61,미식,먹방여행,331,2018
62,레포츠,스쿼시,329,2018
63,체험,시티투어,321,2018
64,레포츠,스킨스쿠버,314,2018
65,미식,먹킷리스트,298,2018
66,레포츠,카약,297,2018
67,레포츠,스노우보드,295,2018
68,레포츠,ssi,291,2018
69,휴식/힐링,겨울여행,280,2018
70,레포츠,스케이트보드,277,2018
71,레포츠,백패킹,276,2018
72,휴식/힐링,단풍놀이,275,2018
73,기타,세계일주,272,2018
74,기타,데이트스냅,270,2018
75,레포츠,스쿠버다이빙,255,2018
76,레포츠,하이킹,220,2018
77,기타,추억여행,216,2018
78,레포츠,수상스키,211,2018
79,레포츠,스노클링,210,2018
80,기타,졸업여행,205,2018
81,레포츠,레저스포츠,204,2018
82,레포츠,웨이크보드,196,2018
82,레포츠,골프투어,196,2018
84,휴식/힐링,스테이케이션,186,2018
85,레포츠,바다낚시,172,2018
86,레포츠,웨이크서핑,166,2018
87,기타,패키지여행,163,2018
88,레포츠,오토캠핑,153,2018
88,레포츠,번지점프,153,2018
90,레포츠,캠프파이어,148,2018
91,레포츠,패러글라이딩,139,2018
91,체험,승마체험,139,2018
91,레포츠,차박,139,2018
94,체험,한복체험,136,2018
94,휴식/힐링,요트투어,136,2018
96,레포츠,스노쿨링,135,2018
97,레포츠,짚라인,133,2018
97,레포츠,산악자전거,133,2018
99,레포츠,게이트볼,132,2018
100,레포츠,수상스포츠,128,2018
101,체험,버스투어,126,2018
101,체험,역사체험,126,2018
103,레포츠,마운틴보드,119,2018
104,기타,테마여행,118,2018
105,레포츠,래프팅,115,2018
105,레포츠,골프여행,115,2018
107,레포츠,애슬레저,114,2018
108,휴식/힐링,홈캉스,111,2018
108,휴식/힐링,몰캉스,111,2018
110,체험,미술체험,105,2018
111,휴식/힐링,드라이브코스,102,2018
112,레포츠,오픈워터,101,2018
113,레포츠,제트스키,97,2018
114,체험,농촌체험,94,2018
115,체험,공포체험,93,2018
115,체험,생태체험,93,2018
117,레포츠,해양스포츠,92,2018
117,휴식/힐링,태교여행,92,2018
119,레포츠,해양레저,89,2018
120,레포츠,padi,88,2018
121,휴식/힐링,생태관광,86,2018
122,레포츠,루어낚시,85,2018
122,미식,맥주파티,85,2018
124,기타,도보여행,83,2018
125,레포츠,스카이다이빙,82,2018
125,체험,물레체험,82,2018
127,레포츠,캠핑족,77,2018
128,휴식/힐링,즉흥여행,74,2018
129,기타,스탬프투어,72,2018
130,레포츠,감성캠핑,68,2018
130,휴식/힐링,크루즈여행,68,2018
132,레포츠,스킨스쿠버다이빙,66,2018
133,체험,향수만들기,65,2018
134,레포츠,민물낚시,64,2018
134,휴식/힐링,감성여행,64,2018
136,기타,일본관광,63,2018
136,휴식/힐링,호텔스테이,63,2018
138,휴식/힐링,온천여행,62,2018
138,기타,동남아여행,62,2018
138,체험,우주체험,62,2018
141,기타,자전거여행,60,2018
142,휴식/힐링,혼놀,59,2018
143,레포츠,수상레져,56,2018
144,레포츠,윈드서핑,55,2018
145,체험,숲체험,54,2018
146,레포츠,바나나보트,53,2018
147,체험,야경투어,50,2018
148,미식,삼겹살파티,48,2018
149,휴식/힐링,책맥,46,2018
150,레포츠,아쿠아로빅,43,2018
150,미식,식도락여행,43,2018
150,레포츠,원스키,43,2018
153,기타,걷기여행,42,2018
153,레포츠,프리다이빙,42,2018
153,체험,요리체험,42,2018
153,체험,놀이체험,42,2018
157,체험,농장체험,41,2018
157,체험,도자기체험,41,2018
159,체험,도예체험,40,2018
159,체험,카트체험,40,2018
161,기타,워킹투어,39,2018
162,체험,갯벌체험,38,2018
163,레포츠,트레일러닝,37,2018
163,레포츠,글라이더,37,2018
165,체험,한옥체험,34,2018
165,체험,염색체험,34,2018
167,레포츠,제트보트,33,2018
167,레포츠,서바이벌게임,33,2018
169,레포츠,클레이사격,32,2018
170,레포츠,실내스키,30,2018
171,레포츠,써핑,29,2018
171,휴식/힐링,북캉스,29,2018
173,체험,카약체험,28,2018
174,체험,수상레저체험,27,2018
175,기타,도시여행,26,2018
175,레포츠,bmx,26,2018
175,체험,한옥스테이,26,2018
175,휴식/힐링,봄여행,26,2018
179,체험,택시투어,25,2018
179,휴식/힐링,백캉스,25,2018
181,기타,역사여행,24,2018
181,휴식/힐링,낭만여행,24,2018
181,체험,다례체험,24,2018
184,레포츠,패들보드,23,2018
185,기타,기념여행,22,2018
185,기타,소싸움,22,2018
187,레포츠,naui,21,2018
187,체험,다도체험,21,2018
187,체험,낚시체험,21,2018
187,휴식/힐링,벚꽃여행,21,2018
191,휴식/힐링,시골여행,20,2018
191,기타,무전여행,20,2018
191,체험,공방체험,20,2018
191,휴식/힐링,카캉스,20,2018
195,레포츠,빙벽등반,19,2018
195,레포츠,패러세일링,19,2018
197,레포츠,스노우보딩,18,2018
197,레포츠,스키여행,18,2018
197,휴식/힐링,근교여행,18,2018
197,기타,열차여행,18,2018
197,레포츠,행글라이더,18,2018
197,레포츠,발야구,18,2018
203,체험,교복체험,17,2018
203,휴식/힐링,밀월여행,17,2018
203,기타,청춘여행,17,2018
206,레포츠,배스낚시,16,2018
206,체험,곤충체험,16,2018
208,레포츠,카라반캠핑,15,2018
208,체험,동물체험,15,2018
208,체험,목공체험,15,2018
208,미식,먹거리투어,15,2018
212,레포츠,버기카,14,2018
212,레포츠,페러글라이딩,14,2018
212,레포츠,블롭점프,14,2018
212,휴식/힐링,불멍,14,2018
216,체험,수확체험,13,2018
216,체험,어촌체험,13,2018
216,레포츠,스킨다이빙,13,2018
219,체험,씨티투어,12,2018
219,휴식/힐링,펫캉스,12,2018
221,체험,전통놀이체험,11,2018
221,체험,향수체험,11,2018
223,레포츠,해양레포츠,10,2018
223,체험,딸기체험,10,2018
223,기타,오지여행,10,2018
223,체험,블루베리체험,10,2018
223,체험,말타기체험,10,2018
223,체험,공예체험,10,2018
223,휴식/힐링,집캉스,10,2018
223,레포츠,캠핑라이프,10,2018
231,체험,해병대캠프,9,2018
231,체험,커피체험,9,2018
231,체험,농사체험,9,2018
231,레포츠,cmas,9,2018
231,체험,원예체험,9,2018
231,레포츠,캠핑여행,9,2018
231,레포츠,패들보트,9,2018
238,체험,목장체험,8,2018
238,체험,족욕체험,8,2018
238,체험,텃밭체험,8,2018
238,기타,일출여행,8,2018
238,레포츠,산악오토바이,8,2018
238,체험,요트체험,8,2018
238,체험,명상체험,8,2018
238,휴식/힐링,농촌여행,8,2018
246,체험,민속놀이체험,7,2018
246,체험,돌고래체험,7,2018
246,미식,먹거리여행,7,2018
246,체험,카누체험,7,2018
246,기타,자전거투어,7,2018
246,체험,국궁체험,7,2018
252,미식,빵집순례,6,2018
252,체험,감귤체험,6,2018
252,체험,전통혼례체험,6,2018
252,레포츠,행글라이딩,6,2018
252,기타,야외취침,6,2018
252,레포츠,낚시여행,6,2018
252,체험,고택체험,6,2018
252,휴식/힐링,물멍,6,2018
252,레포츠,스노우쿨링,6,2018
261,체험,닥터피쉬체험,5,2018
261,레포츠,씨워킹,5,2018
261,기타,덕질여행,5,2018
261,레포츠,모토캠핑,5,2018
261,체험,가우디투어,5,2018
261,레포츠,수상자전거,5,2018
261,레포츠,인공암벽등반,5,2018
261,미식,와이너리투어,5,2018
269,체험,숙박체험,4,2018
269,체험,야간시티투어,4,2018
269,체험,전통의상체험,4,2018
269,체험,악기체험,4,2018
269,레포츠,알빙,4,2018
269,체험,먹이주기체험,4,2018
269,체험,천연염색체험,4,2018
269,체험,탁본체험,4,2018
269,체험,기모노체험,4,2018
269,휴식/힐링,카페케이션,4,2018
269,휴식/힐링,모캉스,4,2018
280,기타,해돋이여행,3,2018
280,체험,전통공예체험,3,2018
280,레포츠,암벽등산,3,2018
280,레포츠,익스트림게임,3,2018
280,미식,먹부림여행,3,2018
280,체험,박물관체험,3,2018
280,휴식/힐링,드라이브여행,3,2018
280,체험,어린이도자기체험,3,2018
280,레포츠,줄낚시,3,2018
280,체험,사격체험,3,2018
280,휴식/힐링,홈캠핑,3,2018
280,레포츠,플라이낚시,3,2018
280,미식,와인투어,3,2018
280,휴식/힐링,홈핑,3,2018
280,레포츠,심해잠수,3,2018
280,미식,미식체험,3,2018
280,체험,바다체험,3,2018
280,체험,동아리체험,3,2018
280,체험,호텔체험,3,2018
280,휴식/힐링,크캉스,3,2018
300,레포츠,숏스키,2,2018
300,체험,귤체험,2,2018
300,체험,토끼먹이주기체험,2,2018
300,레포츠,견지낚시,2,2018
300,레포츠,바이크캠핑,2,2018
300,체험,달팽이체험,2,2018
300,체험,보트체험,2,2018
300,체험,동굴체험,2,2018
300,체험,배낚시체험,2,2018
300,체험,유리공예체험,2,2018
300,체험,액티비티체험,2,2018
300,레포츠,bsac,2,2018
300,레포츠,암벽산행,2,2018
300,레포츠,노지캠핑,2,2018
300,레포츠,락클라이밍,2,2018
300,체험,비행시뮬레이션,2,2018
300,체험,차문화체험,2,2018
300,체험,치즈체험,2,2018
300,휴식/힐링,노을뷰,2,2018
300,체험,낙타체험,2,2018
300,체험,증강현실체험,2,2018
300,체험,맨발체험,2,2018
300,휴식/힐링,차캉스,2,2018
300,레포츠,인라인스케이팅,2,2018
300,체험,갯배체험,2,2018
300,체험,조향체험,2,2018
300,체험,해양체험,2,2018
300,체험,목공예체험,2,2018
300,체험,학생승마체험,2,2018
300,휴식/힐링,키캉스,2,2018
330,체험,바티칸투어,1,2018
330,체험,스쿠버체험,1,2018
330,체험,동물먹이체험,1,2018
330,체험,전원생활체험,1,2018
330,레포츠,도지볼,1,2018
330,체험,농가체험,1,2018
330,레포츠,겔렌데스키,1,2018
330,체험,클라이밍체험,1,2018
330,체험,타종체험,1,2018
330,체험,서핑체험,1,2018
330,체험,조종체험,1,2018
330,체험,해저체험,1,2018
330,레포츠,아웃도어액티비티,1,2018
330,휴식/힐링,석양뷰,1,2018
330,기타,일몰여행,1,2018
330,체험,물놀이체험,1,2018
330,체험,바지락체험,1,2018
330,레포츠,골캉스,1,2018
330,체험,담력체험,1,2018
330,체험,한복입기체험,1,2018
330,체험,한옥숙박체험,1,2018
330,휴식/힐링,일출뷰,1,2018
330,체험,패러글라이딩체험,1,2018
330,휴식/힐링,집콕생활,1,2018
330,체험,루지체험,1,2018
330,체험,해녀체험,1,2018
330,휴식/힐링,눈꽃여행,1,2018
